row,model,vin,image_path,confidence,engine_code,transmission_code
387,本田 本田CR-V 2007款 2.4L 自动四驱豪华版,LVHRE487695049116,data/qxb-photos/row-0387_本田_本田 本田CR-V 2007款 2.4L 自动四驱豪华版/16_ad4ccd50ef.jpg,album_ocr:very_high:gray:rot0,,
23,本田 本田CR-V 2007款 2.4L 自动四驱豪华版,LVHRE489795047389,data/qxb-photos/row-0023_本田_本田 本田CR-V 2007款 2.4L 自动四驱豪华版/16_4768f9519c.jpg,very_high:gray:rot0,,
26,日产 颐达 2009款 1.6L 自动科技版,LGBG12E219Y612782,data/qxb-photos/row-0026_日产_日产 颐达 2009款 1.6L 自动科技版/16_ee93e33f6c.jpg,very_high:gray:rot0,,
28,丰田 威驰 2010款 1.3L GL-i标准版 AT,,,none,,
34,现代 领翔 2009款 2.0L MT GL,LBENFAJB2AX071149,data/qxb-photos/row-0034_现代_现代 领翔 2009款 2.0L MT GL/19_52b14cebb7.jpg,ceo_confirmed:photo19,,
37,Sportage,TESTVIN1234567890,data/qxb-photos/row-0037_起亚_起亚 智跑 2011款 2.0L 自动四驱版GLS/03_7ced8d8bd3.jpg,ceo_review_ui,ENG,AT
45,现代 途胜 2009款 2.0L 手动两驱时尚型,LBEJMBJB1BX245868,data/qxb-photos/row-0045_现代_现代 途胜 2009款 2.0L 手动两驱时尚型/17_429f7e0a2d.jpg,ceo_confirmed:photo17,,
46,现代 瑞纳 2010款 三厢 1.4L 手动舒适型GS,LBERCACBXCX320873,data/qxb-photos/row-0046_现代_现代 瑞纳 2010款 三厢 1.4L 手动舒适型GS/17_b177dd2f4c.jpg,ceo_confirmed:photo17,,
48,Land Cruiser Prado,TESTVIN1234567890,data/qxb-photos/row-0048_丰田_丰田 普拉多 2010款 4.0L 自动VX/01_93d49f3965.jpg,ceo_nameplate,E,T
49,本田 本田CR-V 2013款 2.4L 四驱豪华版,ABZCYPBZC757SNSAU,data/qxb-photos/row-0049_本田_本田 本田CR-V 2013款 2.4L 四驱豪华版/01_5dc7c24ca1.jpg,album_ocr:compact:contrast:rot0,,
51,日产 逍客 2010款 20S火 CVT 2WD,A82010520SKCVT2WD,data/qxb-photos/row-0051_日产_日产 逍客 2010款 20S火 CVT 2WD/14_2b76ea10cd.jpg,high:contrast:rot0,,
62,本田 飞度 2011款 1.5L 自动全景天窗版,LHGGE8870C2000286,data/qxb-photos/row-0062_本田_本田 飞度 2011款 1.5L 自动全景天窗版/03_32b26b69ff.jpg,ceo_confirmed:photo3,,
64,现代 途胜 2013款 2.0L 自动两驱舒适型,LRRAUBAGAEFRUENSE,data/qxb-photos/row-0064_现代_现代 途胜 2013款 2.0L 自动两驱舒适型/03_b69d34770f.jpg,high:gray:rot0,,
66,丰田 卡罗拉 2007款 1.6L 自动GL,S8RSFEZRE151LGEPN,data/qxb-photos/row-0066_丰田_丰田 卡罗拉 2007款 1.6L 自动GL/02_482beb1772.jpg,high:invert:rot270,,
68,丰田 锐志 2006款 2.5V,ANSSEANKAYVAYPSTN,data/qxb-photos/row-0068_丰田_丰田 锐志 2006款 2.5V/03_fee484eab8.jpg,album_ocr:compact:contrast:rot0,,
69,本田 雅阁 2004款 2.4L,LHGCM567142038761,data/qxb-photos/row-0069_本田_本田 雅阁 2004款 2.4L/03_49405a6ffb.jpg,ceo_confirmed:photo3,,
72,日产 轩逸 2012款 经典 1.6XE 手动舒适版,LGBG12E21CY125738,data/qxb-photos/row-0072_日产_日产 轩逸 2012款 经典 1.6XE 手动舒适版/17_48b41c3f4e.jpg,ceo_confirmed:photo17,,
73,奔驰 奔驰C级 2010款 C 180K 经典型,ARR180R7FARRE2719,data/qxb-photos/row-0073_奔驰_奔驰 奔驰C级 2010款 C 180K 经典型/17_5e3379f99d.jpg,album_ocr:compact:contrast:rot0,,
74,现代 索纳塔 2011款 2.0L 自动顶级版,XESV21RSSRNSARNW2,data/qxb-photos/row-0074_现代_现代 索纳塔 2011款 2.0L 自动顶级版/02_26ef839f6e.jpg,high:contrast:rot270,,
75,丰田 逸致 2011款 180G CVT舒适版,JNS5NSBBKLL75PF1Z,data/qxb-photos/row-0075_丰田_丰田 逸致 2011款 180G CVT舒适版/03_adb667c582.jpg,album_ocr:compact:contrast:rot0,,
76,日产 轩逸 2009款 1.6XE 自动舒适版,PERNTSZBPGTANNSF2,data/qxb-photos/row-0076_日产_日产 轩逸 2009款 1.6XE 自动舒适版/01_65ef997925.jpg,high:contrast:rot0,,
77,现代 北京现代ix35 2010款 2.0L 自动两驱精英版GLS,A3VEHBVP7NMSZSS72,data/qxb-photos/row-0077_现代_现代 北京现代ix35 2010款 2.0L 自动两驱精英版GLS/01_9f0ec919fa.jpg,album_ocr:compact:contrast:rot0,,
80,起亚 起亚K2 2011款 三厢 1.6L AT Premium,LJDLAA221C0127616,data/qxb-photos/row-0080_起亚_起亚 起亚K2 2011款 三厢 1.6L AT Premium/03_453461405b.jpg,ceo_confirmed:photo3,,
82,本田 锋范经典 2012款 1.5L 自动旗舰版,LHGGM2636C2065367,data/qxb-photos/row-0082_本田_本田 锋范经典 2012款 1.5L 自动旗舰版/03_d60b694aaa.jpg,ceo_confirmed:photo3,,
86,丰田 威驰 2005款 1.5L GL-i AT,A2NYAYW2LCMESSAAR,data/qxb-photos/row-0086_丰田_丰田 威驰 2005款 1.5L GL-i AT/03_247190957d.jpg,album_ocr:compact:contrast:rot0,,
88,丰田 凯美瑞 2010款 240G 豪华版,,,none,,
91,丰田 凯美瑞 2019款 2.0G 豪华版 国VI,A4RP2PSSJY4FAEECV,data/qxb-photos/row-0091_丰田_丰田 凯美瑞 2019款 2.0G 豪华版 国VI/03_b59bd2f073.jpg,album_ocr:compact:contrast:rot0,,
92,丰田 卡罗拉 2019款 双擎 1.8L E-CVT GL-i精英版,ARLSS1SSYSSERKYV2,data/qxb-photos/row-0092_丰田_丰田 卡罗拉 2019款 双擎 1.8L E-CVT GL-i精英版/03_fd8c74fa13.jpg,album_ocr:compact:contrast:rot0,,
93,丰田 卡罗拉 2016款 1.6L 手动GL-i炫酷版,AYAPTRYBNHESRCSLN,data/qxb-photos/row-0093_丰田_丰田 卡罗拉 2016款 1.6L 手动GL-i炫酷版/05_f25eb876d3.jpg,high:invert:rot90,,
94,丰田 皇冠 2015款 2.0T 时尚版,N4SP24DWNSVFYXLAD,data/qxb-photos/row-0094_丰田_丰田 皇冠 2015款 2.0T 时尚版/03_4aa1086639.jpg,album_ocr:compact:contrast:rot0,,
95,本田 奥德赛 2015款 改款 2.4L 豪华版,JSSMM1LALNDAWMYFN,data/qxb-photos/row-0095_本田_本田 奥德赛 2015款 改款 2.4L 豪华版/03_f6fc88898f.jpg,album_ocr:compact:contrast:rot270,,
123,本田 飞度 2008款 1.3L 自动舒适版,A2Y4ZJE3DLKS24FSS,data/qxb-photos/row-0123_本田_本田 飞度 2008款 1.3L 自动舒适版/08_d474bf9c80.jpg,album_ocr:compact:contrast:rot0,,
140,现代 北京现代ix35 2010款 2.4L 自动四驱领航版GLS,APSTSSSCZYLS10GGL,data/qxb-photos/row-0140_现代_现代 北京现代ix35 2010款 2.4L 自动四驱领航版GLS/04_a794c89b39.jpg,album_ocr:compact:contrast:rot0,,
146,本田 奥德赛 2008款 2.4L 普通版,ALSBA44B4STHHYP7P,data/qxb-photos/row-0146_本田_本田 奥德赛 2008款 2.4L 普通版/03_7a60bf1a6c.jpg,album_ocr:compact:contrast:rot90,,
153,奔驰 奔驰GL级 2006款 GL 450 4MATIC 北美版,ASSWEGKS5AAYXSSSY,data/qxb-photos/row-0153_奔驰_奔驰 奔驰GL级 2006款 GL 450 4MATIC 北美版/03_52c0711c6e.jpg,album_ocr:compact:contrast:rot0,,
160,丰田 卡罗拉 2009款 1.6L 手动GL天窗特别版,A20100804F5R6RESA,data/qxb-photos/row-0160_丰田_丰田 卡罗拉 2009款 1.6L 手动GL天窗特别版/16_bd35249d8f.jpg,album_ocr:compact:contrast:rot0,,
185,起亚 起亚K2 2012款 三厢 1.4L AT GLS纪念版,A290E0407897SSRSB,data/qxb-photos/row-0185_起亚_起亚 起亚K2 2012款 三厢 1.4L AT GLS纪念版/16_12ca77c7b1.jpg,album_ocr:compact:contrast:rot0,,
187,现代 索纳塔 2011款 2.0L 自动至尊版,USRCCRDAEMSELES5N,data/qxb-photos/row-0187_现代_现代 索纳塔 2011款 2.0L 自动至尊版/02_28a9a311a8.jpg,high:contrast:rot270,,
190,起亚 起亚K5 2015款 2.0L 自动GL,AYYB5TRF57JBSESBB,data/qxb-photos/row-0190_起亚_起亚 起亚K5 2015款 2.0L 自动GL/17_71b813f619.jpg,album_ocr:compact:contrast:rot0,,
206,本田 雅阁 2005款 2.0L 标准版,,,none,,
207,本田 本田CR-V 2010款 2.4L 自动四驱豪华版,,,none,,
222,三菱 帕杰罗 2011款 V73 3.0L AT GLS,AABE4KH28BPBFRHPB,data/qxb-photos/row-0222_三菱_三菱 帕杰罗 2011款 V73 3.0L AT GLS/16_9b7e37fa31.jpg,album_ocr:compact:contrast:rot0,,
223,现代 胜达经典 2008款 2.7L 豪华型,ARHEFC2510ST20087,data/qxb-photos/row-0223_现代_现代 胜达经典 2008款 2.7L 豪华型/16_b57ddee406.jpg,album_ocr:compact:contrast:rot0,,
227,奔驰 奔驰B级 2009款 B 200 豪华型,A4TS4WY2SSSANLLLZ,data/qxb-photos/row-0227_奔驰_奔驰 奔驰B级 2009款 B 200 豪华型/03_fa0a5ea3e6.jpg,album_ocr:compact:contrast:rot0,,
232,日产 阳光 2012款 1.5XE CVT舒适版,BSSS4EREBSNATERYJ,data/qxb-photos/row-0232_日产_日产 阳光 2012款 1.5XE CVT舒适版/03_c38fbbb471.jpg,high:gray:rot270,,
234,本田 思域 2009款 1.8L 自动经典版,C24FAL1ASXFHEA2A3,data/qxb-photos/row-0234_本田_本田 思域 2009款 1.8L 自动经典版/16_9060ad0473.jpg,album_ocr:compact:contrast:rot0,,
237,现代 瑞纳 2017款 1.4L 手动焕新版 国VI,FTLBP8DE25SSSASND,data/qxb-photos/row-0237_现代_现代 瑞纳 2017款 1.4L 手动焕新版 国VI/03_da43229305.jpg,album_ocr:compact:contrast:rot0,,
242,日产 骐达TIIDA 2008款 1.6L 手动时尚型,EORUSSESASCERRUEN,data/qxb-photos/row-0242_日产_日产 骐达TIIDA 2008款 1.6L 手动时尚型/01_83919d095f.jpg,review:gray:rot90,,
248,日产 轩逸 2009款 2.0XL CVT豪华版,S47NYNUUN6LYZKSSS,data/qxb-photos/row-0248_日产_日产 轩逸 2009款 2.0XL CVT豪华版/03_aac0afcabc.jpg,album_ocr:compact:contrast:rot0,,
250,奔驰 奔驰GLK级(进口) 2011款 GLK 300 4MATIC 时尚型,A2SASNUBTAST3PJHS,data/qxb-photos/row-0250_奔驰_奔驰 奔驰GLK级(进口) 2011款 GLK 300 4MATIC 时尚型/16_bbf78b3043.jpg,album_ocr:compact:contrast:rot0,,
254,本田 凌派 2013款 1.8L 手动舒适版,A2013F09ABMCBARTA,data/qxb-photos/row-0254_本田_本田 凌派 2013款 1.8L 手动舒适版/19_7aa5e938a0.jpg,album_ocr:compact:contrast:rot0,,
255,现代 悦动 2020款 1.6L 自动GL悦目版,A4X7RFSLF3LG145S5,data/qxb-photos/row-0255_现代_现代 悦动 2020款 1.6L 自动GL悦目版/18_be7b44749e.jpg,album_ocr:compact:contrast:rot0,,
263,丰田 汉兰达 2012款 2.7L 两驱5座精英版,ANCHESSEDSSNMWWSC,data/qxb-photos/row-0263_丰田_丰田 汉兰达 2012款 2.7L 两驱5座精英版/16_765b1111f0.jpg,album_ocr:compact:contrast:rot0,,
267,现代 途胜 2009款 2.0L 手动两驱时尚型,ABWW54SSSSANMSSWA,data/qxb-photos/row-0267_现代_现代 途胜 2009款 2.0L 手动两驱时尚型/03_38f9bd4760.jpg,album_ocr:compact:contrast:rot0,,
272,本田 思域 2009款 1.8L 自动舒适版,A21PS772YSGE4RTTJ,data/qxb-photos/row-0272_本田_本田 思域 2009款 1.8L 自动舒适版/18_b69b158bab.jpg,album_ocr:compact:contrast:rot0,,
280,起亚 起亚K2 2012款 两厢 1.4L AT GLS,YSEJACJ2YY1LPYL43,data/qxb-photos/row-0280_起亚_起亚 起亚K2 2012款 两厢 1.4L AT GLS/03_f39f307db2.jpg,album_ocr:compact:contrast:rot270,,
282,三菱 劲炫ASX 2013款 2.0L 手动两驱舒适版,A4B11AVARBA4410A4,data/qxb-photos/row-0282_三菱_三菱 劲炫ASX 2013款 2.0L 手动两驱舒适版/19_c33be71e43.jpg,album_ocr:compact:contrast:rot0,,
284,本田 奥德赛 2009款 2.4L 豪华版,A3TEMSGS4YMAG4BYS,data/qxb-photos/row-0284_本田_本田 奥德赛 2009款 2.4L 豪华版/19_45faf9702f.jpg,album_ocr:compact:contrast:rot0,,
287,丰田 凯美瑞 2007款 240G 豪华版,A4PAYDP28SNLESSSE,data/qxb-photos/row-0287_丰田_丰田 凯美瑞 2007款 240G 豪华版/03_485b2e9b38.jpg,album_ocr:compact:contrast:rot0,,
290,铃木 奥拓 2013款 1.0L 自动豪华型,A257ARB20130521FR,data/qxb-photos/row-0290_铃木_铃木 奥拓 2013款 1.0L 自动豪华型/16_663284990a.jpg,album_ocr:compact:contrast:rot0,,
294,现代 悦动 2008款 1.6L AT GL,A448AWSDRMMEMEPRA,data/qxb-photos/row-0294_现代_现代 悦动 2008款 1.6L AT GL/16_957d4ed3c6.jpg,album_ocr:compact:contrast:rot0,,
298,现代 名图 2014款 1.8L 自动尊贵型DLX,SAB248PTFBABTFF61,data/qxb-photos/row-0298_现代_现代 名图 2014款 1.8L 自动尊贵型DLX/02_f264dfbd2d.jpg,high:gray:rot270,,
299,本田 艾力绅 2016款 2.4L 至尊版,AHANNNLK5FFXSFZ22,data/qxb-photos/row-0299_本田_本田 艾力绅 2016款 2.4L 至尊版/01_48a30cc06a.jpg,album_ocr:compact:contrast:rot0,,
300,本田 思域 2014款 1.8L 自动经典版,A11NAAANNYSSSFSTM,data/qxb-photos/row-0300_本田_本田 思域 2014款 1.8L 自动经典版/03_f310cfd2a3.jpg,album_ocr:compact:contrast:rot0,,
301,本田 雅阁 2014款 2.4L EXN 豪华导航版,ASSSSHPSSSEYNESSS,data/qxb-photos/row-0301_本田_本田 雅阁 2014款 2.4L EXN 豪华导航版/03_e51cc82610.jpg,album_ocr:compact:gray:rot0,,
315,现代 胜达经典 2009款 2.7 豪华型,ABAP2TSSS4WV7ASYS,data/qxb-photos/row-0315_现代_现代 胜达经典 2009款 2.7 豪华型/03_8b91b0bf07.jpg,album_ocr:compact:contrast:rot0,,
318,日产 天籁 2008款 2.5L XL领先版,PATN4SSLSSS417JSJ,data/qxb-photos/row-0318_日产_日产 天籁 2008款 2.5L XL领先版/03_e004824812.jpg,album_ocr:compact:contrast:rot0,,
322,本田 思铂睿 2009款 2.4L 豪华版,A5BSPGEACM5SEAPPS,data/qxb-photos/row-0322_本田_本田 思铂睿 2009款 2.4L 豪华版/17_c5f4eeb025.jpg,album_ocr:compact:contrast:rot0,,
334,起亚 狮跑 2009款 2.0L 手动两驱版GL,A2FVAANNYMAMMAANA,data/qxb-photos/row-0334_起亚_起亚 狮跑 2009款 2.0L 手动两驱版GL/03_850e0a70c2.jpg,album_ocr:compact:contrast:rot0,,
338,丰田 RAV4荣放 2009款 2.4L 自动豪华版,A242F77A52X52S7J2,data/qxb-photos/row-0338_丰田_丰田 RAV4荣放 2009款 2.4L 自动豪华版/18_aff9de5e4c.jpg,album_ocr:compact:contrast:rot0,,
341,丰田 威驰 2008款 1.6L GL-i 特别纪念版 MT,A00G1719AHZS1ZRRH,data/qxb-photos/row-0341_丰田_丰田 威驰 2008款 1.6L GL-i 特别纪念版 MT/19_3dda08cf23.jpg,album_ocr:compact:contrast:rot0,,
350,铃木 天语 SX4 2011款 两厢 1.6L 自动灵动型,AGPLSSTNAS36FCMRS,data/qxb-photos/row-0350_铃木_铃木 天语 SX4 2011款 两厢 1.6L 自动灵动型/03_7886a5a5f4.jpg,album_ocr:compact:contrast:rot0,,
355,现代 北京现代i30 2009款 1.6L 自动舒享型,FCURAFS5FFPAPWEEY,data/qxb-photos/row-0355_现代_现代 北京现代i30 2009款 1.6L 自动舒享型/02_1d2e5aea63.jpg,high:invert:rot0,,
356,日产 阳光 2011款 1.5XE CVT舒适版,RRUPATYHDAPYRARAA,data/qxb-photos/row-0356_日产_日产 阳光 2011款 1.5XE CVT舒适版/02_f1079fb636.jpg,high:gray:rot0,,
357,丰田 锐志 2007款 2.5S 真皮天窗版,ARVN40UE1ANW444V4,data/qxb-photos/row-0357_丰田_丰田 锐志 2007款 2.5S 真皮天窗版/03_afa94e9b20.jpg,album_ocr:compact:contrast:rot90,,
358,丰田 锐志 2007款 2.5S 真皮天窗版,AAN2NSSNN4LAV141A,data/qxb-photos/row-0358_丰田_丰田 锐志 2007款 2.5S 真皮天窗版/03_229c79a1dc.jpg,album_ocr:compact:contrast:rot90,,
363,日产 天籁 2008款 公爵 2.5L XV尊雅版,A1DSM7JKHPN5FP4FA,data/qxb-photos/row-0363_日产_日产 天籁 2008款 公爵 2.5L XV尊雅版/03_8ded6cdf90.jpg,album_ocr:compact:contrast:rot0,,
364,现代 索纳塔 2011款 2.0L 自动至尊版,BBD2FPALRSY727SSP,data/qxb-photos/row-0364_现代_现代 索纳塔 2011款 2.0L 自动至尊版/02_f5d8effea8.jpg,album_ocr:compact:contrast:rot0,,
365,现代 索纳塔 2017款 1.6T GLX领先型,C4LEESSG4ERTSKTSA,data/qxb-photos/row-0365_现代_现代 索纳塔 2017款 1.6T GLX领先型/03_44b9414ef3.jpg,album_ocr:compact:contrast:rot0,,
375,本田 艾力绅 2012款 2.4L VTi-S尊贵版,SLYVS1BV4SNSELNFF,data/qxb-photos/row-0375_本田_本田 艾力绅 2012款 2.4L VTi-S尊贵版/03_84f4ae2549.jpg,album_ocr:compact:invert:rot270,,
380,日产 日产帕拉丁 2007款 2.4L XE 四驱标准型,AYZ44SSNSS7BS9SSS,data/qxb-photos/row-0380_日产_日产 日产帕拉丁 2007款 2.4L XE 四驱标准型/03_1d2d034c2c.jpg,album_ocr:compact:contrast:rot0,,
391,本田 奥德赛 2007款 2.4L 舒适版,A7S4AWPMMAFFWYPAN,data/qxb-photos/row-0391_本田_本田 奥德赛 2007款 2.4L 舒适版/03_1621653d7c.jpg,album_ocr:compact:contrast:rot0,,
393,奔驰 奔驰M级 2006款 ML 350 尊贵型,WDCBB86E75A064715,data/qxb-photos/row-0393_奔驰_奔驰 奔驰M级 2006款 ML 350 尊贵型/02_0a62aa1b84.jpg,very_high:gray:rot0,,
396,本田 歌诗图 2012款 2.4L 尊享版,A1GTYAEP44SS6A8LE,data/qxb-photos/row-0396_本田_本田 歌诗图 2012款 2.4L 尊享版/18_829944a401.jpg,album_ocr:compact:contrast:rot0,,
397,本田 本田CR-V 2007款 2.4L 自动四驱尊贵版,SSV42X4YYS74A2HEZ,data/qxb-photos/row-0397_本田_本田 本田CR-V 2007款 2.4L 自动四驱尊贵版/03_6ec0c98471.jpg,album_ocr:compact:contrast:rot270,,
400,铃木 天语 SX4 2011款 两厢 1.6L 自动灵动型,A20110305SSS5ABM1,data/qxb-photos/row-0400_铃木_铃木 天语 SX4 2011款 两厢 1.6L 自动灵动型/16_5528d6a163.jpg,album_ocr:compact:contrast:rot0,,
405,奔驰 奔驰M级 2008款 ML 350 4MATIC豪华型,WDCBB86E38A394176,data/qxb-photos/row-0405_奔驰_奔驰 奔驰M级 2008款 ML 350 4MATIC豪华型/13_c94cb36661.jpg,very_high:gray:rot0,,
417,奔驰 奔驰S级 2010款 S 400 L HYBRID,AEYAYAA7LTT2BNSS2,data/qxb-photos/row-0417_奔驰_奔驰 奔驰S级 2010款 S 400 L HYBRID/01_f801c9755d.jpg,album_ocr:compact:contrast:rot0,,
418,本田 本田CR-V 2012款 2.0L 两驱都市版,A2SS2FLN2SS140ATT,data/qxb-photos/row-0418_本田_本田 本田CR-V 2012款 2.0L 两驱都市版/01_883385ff96.jpg,album_ocr:compact:contrast:rot0,,
419,本田 雅阁 2008款 2.0L EX,HSBESSBAEGTYS3EY4,data/qxb-photos/row-0419_本田_本田 雅阁 2008款 2.0L EX/06_92b914faa8.jpg,high:gray:rot270,,
422,日产 天籁 2008款 2.5L XL领先版,T4G322SSRSSESRSTY,data/qxb-photos/row-0422_日产_日产 天籁 2008款 2.5L XL领先版/04_edf98ba33e.jpg,high:contrast:rot90,,
423,奔驰 奔驰R级 2006款 R 500 4MATIC,AB0YNAS28F2337PSB,data/qxb-photos/row-0423_奔驰_奔驰 奔驰R级 2006款 R 500 4MATIC/04_840f2426ff.jpg,album_ocr:compact:contrast:rot0,,
424,丰田 皇冠 2005款 3.0L Royal Saloon,MEOOSPPFTNPCSMALG,data/qxb-photos/row-0424_丰田_丰田 皇冠 2005款 3.0L Royal Saloon/04_faf02c0059.jpg,review:invert:rot0,,
425,本田 思铂睿 2015款 2.0L 豪华版,Y1M9MERLEASRESSBE,data/qxb-photos/row-0425_本田_本田 思铂睿 2015款 2.0L 豪华版/08_1d73c1f185.jpg,high:contrast:rot90,,
426,奔驰 奔驰E级(进口) 2010款 E 200 CGI 优雅型,A17968FSPGVW2150B,data/qxb-photos/row-0426_奔驰_奔驰 奔驰E级(进口) 2010款 E 200 CGI 优雅型/19_f3de59b163.jpg,album_ocr:compact:contrast:rot0,,
427,日产 天籁 2008款 公爵 2.5L XV尊雅版,A551PZ74S759CMASJ,data/qxb-photos/row-0427_日产_日产 天籁 2008款 公爵 2.5L XV尊雅版/17_87844067ef.jpg,album_ocr:compact:contrast:rot0,,
428,本田 本田CR-V 2007款 2.4L 自动四驱豪华版,AEMSSYNNEEENAGESB,data/qxb-photos/row-0428_本田_本田 本田CR-V 2007款 2.4L 自动四驱豪华版/01_282274eb2f.jpg,album_ocr:compact:contrast:rot0,,
429,丰田 凯美瑞 2013款 2.0G 舒适版,A1SCEBBRKSP4SJASL,data/qxb-photos/row-0429_丰田_丰田 凯美瑞 2013款 2.0G 舒适版/03_fce29499c8.jpg,album_ocr:compact:contrast:rot0,,
431,丰田 皇冠 2005款 3.0L Royal,A4XSNESZ4ASMEASSA,data/qxb-photos/row-0431_丰田_丰田 皇冠 2005款 3.0L Royal/05_fcdcbbc95b.jpg,album_ocr:compact:contrast:rot0,,
433,本田 奥德赛 2005款 2.4L 基本型,A1P1VZ2E4PNYPS744,data/qxb-photos/row-0433_本田_本田 奥德赛 2005款 2.4L 基本型/08_0a2861a68f.jpg,album_ocr:compact:contrast:rot0,,
435,奔驰 奔驰R级 2011款 R 350 L 4MATIC,A2LX4M4DA44UWSE6F,data/qxb-photos/row-0435_奔驰_奔驰 奔驰R级 2011款 R 350 L 4MATIC/18_000c2f6487.jpg,album_ocr:compact:contrast:rot0,,
436,日产 天籁 2013款 2.0L XE时尚版,RAUANBAIGDSE100KW,data/qxb-photos/row-0436_日产_日产 天籁 2013款 2.0L XE时尚版/19_1a573b4bda.jpg,review:invert:rot0,,
437,现代 胜达经典 2007款 2.7L 豪华型,SF5NA8MYWTOANERRA,data/qxb-photos/row-0437_现代_现代 胜达经典 2007款 2.7L 豪华型/06_a4c954b2f0.jpg,review:contrast:rot0,,
439,丰田 RAV4荣放 2009款 2.4L 自动豪华版,ALVECPBEYS0THHFRZ,data/qxb-photos/row-0439_丰田_丰田 RAV4荣放 2009款 2.4L 自动豪华版/04_69b44ffac0.jpg,album_ocr:compact:contrast:rot0,,
440,丰田 凯美瑞 2007款 200G 豪华版,AARFBUL1F7LSSLSB9,data/qxb-photos/row-0440_丰田_丰田 凯美瑞 2007款 200G 豪华版/01_56c826683d.jpg,album_ocr:compact:contrast:rot0,,
441,丰田 凯美瑞 2007款 200G 豪华版,BRYASERBWVLOAOLBE,data/qxb-photos/row-0441_丰田_丰田 凯美瑞 2007款 200G 豪华版/04_bcfd19f78f.jpg,review:contrast:rot270,,
442,丰田 RAV4荣放 2016款 2.5L 自动四驱精英版,A1SSERKRBDSXANSAF,data/qxb-photos/row-0442_丰田_丰田 RAV4荣放 2016款 2.5L 自动四驱精英版/03_a11f49fd8e.jpg,album_ocr:compact:contrast:rot0,,
444,现代 途胜 2009款 2.0L 手动两驱时尚型,A332MRRJAF4SHPUES,data/qxb-photos/row-0444_现代_现代 途胜 2009款 2.0L 手动两驱时尚型/02_9a81627d71.jpg,album_ocr:compact:contrast:rot0,,
449,本田 本田CR-V 2007款 2.4L 自动四驱尊贵版,A73LF4W4YND77YFBS,data/qxb-photos/row-0449_本田_本田 本田CR-V 2007款 2.4L 自动四驱尊贵版/05_aee638fc85.jpg,album_ocr:compact:contrast:rot0,,
450,丰田 凯美瑞 2009款 200G 豪华版,A4LNWSS4PTTSSSPNA,data/qxb-photos/row-0450_丰田_丰田 凯美瑞 2009款 200G 豪华版/06_f88272f3fd.jpg,album_ocr:compact:contrast:rot0,,
451,日产 奇骏 2008款 2.5L XL CVT 4WD,A4XSSAXAA452WYYNM,data/qxb-photos/row-0451_日产_日产 奇骏 2008款 2.5L XL CVT 4WD/06_1a01334969.jpg,album_ocr:compact:contrast:rot0,,
452,日产 奇骏 2008款 2.5L XL CVT 4WD,JSFRDLNNPREBGLNYB,data/qxb-photos/row-0452_日产_日产 奇骏 2008款 2.5L XL CVT 4WD/04_3f4517f903.jpg,high:contrast:rot90,,
453,三菱 欧蓝德(进口) 2008款 3.0豪华版,ACAZ22K2YEWVAVV2A,data/qxb-photos/row-0453_三菱_三菱 欧蓝德(进口) 2008款 3.0豪华版/05_bd2da98ca3.jpg,album_ocr:compact:contrast:rot0,,
456,奔驰 奔驰B级 2009款 B 200 时尚型,A2011027BLS100BRB,data/qxb-photos/row-0456_奔驰_奔驰 奔驰B级 2009款 B 200 时尚型/21_82100076f4.jpg,album_ocr:compact:contrast:rot0,,
457,起亚 秀尔 2010款 1.6L AT GLS,A444VKLLMSNESE13N,data/qxb-photos/row-0457_起亚_起亚 秀尔 2010款 1.6L AT GLS/05_b8b60b07eb.jpg,album_ocr:compact:contrast:rot0,,
458,丰田 花冠 2010款 1.6L 自动经典版,AEH02ZYSSSSSSLLGE,data/qxb-photos/row-0458_丰田_丰田 花冠 2010款 1.6L 自动经典版/02_6ccb74bc5a.jpg,album_ocr:compact:contrast:rot0,,
459,日产 天籁 2016款 2.0L XE 时尚版,ASN4Y1S32S71B2SSS,data/qxb-photos/row-0459_日产_日产 天籁 2016款 2.0L XE 时尚版/02_b6516df372.jpg,album_ocr:compact:contrast:rot0,,
460,丰田 皇冠 2010款 2.5L Royal 真皮天窗版,A23AESSNSLS3PHEER,data/qxb-photos/row-0460_丰田_丰田 皇冠 2010款 2.5L Royal 真皮天窗版/19_8833689784.jpg,album_ocr:compact:contrast:rot0,,
461,丰田 锐志 2010款 2.5S 风尚菁华版,A1SSREFYUANCHEHAN,data/qxb-photos/row-0461_丰田_丰田 锐志 2010款 2.5S 风尚菁华版/08_1f3ac924a6.jpg,album_ocr:compact:contrast:rot0,,
462,丰田 普锐斯 2006款 1.5L 真皮导航版,A1GBAN1XBNYJNJWFP,data/qxb-photos/row-0462_丰田_丰田 普锐斯 2006款 1.5L 真皮导航版/17_31839cdf95.jpg,album_ocr:compact:contrast:rot0,,
463,丰田 皇冠 2005款 2.5L Royal,WGEANRRAURSAMSAP2,data/qxb-photos/row-0463_丰田_丰田 皇冠 2005款 2.5L Royal/05_8f25e3f81b.jpg,high:contrast:rot0,,
465,本田 思铂睿 2009款 2.4L TYPE-S,SSNSANSSFBSDRNGSY,data/qxb-photos/row-0465_本田_本田 思铂睿 2009款 2.4L TYPE-S/01_e4dc8afae6.jpg,high:contrast:rot270,,
466,丰田 皇冠 2010款 2.5L Royal 真皮天窗导航版,AJSNPSTTSSR5S8SRS,data/qxb-photos/row-0466_丰田_丰田 皇冠 2010款 2.5L Royal 真皮天窗导航版/06_9f8438fdf2.jpg,high:contrast:rot0,,
467,起亚 智跑 2011款 2.0L 自动两驱版Premium,AEHEN4SZSETSEZ4AS,data/qxb-photos/row-0467_起亚_起亚 智跑 2011款 2.0L 自动两驱版Premium/01_c9e93202e9.jpg,album_ocr:compact:contrast:rot0,,
468,丰田 卡罗拉 2011款 1.6L 自动GL天窗版,A8224EEPASSL2YLS2,data/qxb-photos/row-0468_丰田_丰田 卡罗拉 2011款 1.6L 自动GL天窗版/03_aafc929498.jpg,album_ocr:compact:contrast:rot0,,
469,丰田 凯美瑞 2007款 240G 豪华版,DS7MT1HYPMYV3B2YB,data/qxb-photos/row-0469_丰田_丰田 凯美瑞 2007款 240G 豪华版/03_20542d002b.jpg,album_ocr:compact:contrast:rot270,,
470,日产 轩逸 2009款 2.0XL CVT豪华版,AL17PASS58SAS94RN,data/qxb-photos/row-0470_日产_日产 轩逸 2009款 2.0XL CVT豪华版/06_36b14d1d80.jpg,album_ocr:compact:contrast:rot0,,
471,奔驰 奔驰B级 2009款 B 200 时尚型,ASSCN7YLSWSRSASEN,data/qxb-photos/row-0471_奔驰_奔驰 奔驰B级 2009款 B 200 时尚型/05_0dcf58015e.jpg,album_ocr:compact:contrast:rot0,,
472,丰田 花冠 2007款 1.6L 自动G,LEALUPEELELSABEDE,data/qxb-photos/row-0472_丰田_丰田 花冠 2007款 1.6L 自动G/04_9798dcd99c.jpg,high:gray:rot0,,
473,本田 本田CR-V 2007款 2.4L 自动四驱豪华版,A53SSATKPCAELSSER,data/qxb-photos/row-0473_本田_本田 本田CR-V 2007款 2.4L 自动四驱豪华版/04_24759f63bc.jpg,album_ocr:compact:contrast:rot0,,
475,本田 雅阁 2010款 2.4L 百万纪念版,A72TSTSTB1RWSAZSS,data/qxb-photos/row-0475_本田_本田 雅阁 2010款 2.4L 百万纪念版/09_ffa167202f.jpg,album_ocr:compact:contrast:rot0,,
476,现代 途胜 2006款 2.0L 手动两驱时尚型,AMBEFESVV5AZ343A3,data/qxb-photos/row-0476_现代_现代 途胜 2006款 2.0L 手动两驱时尚型/03_29499ac903.jpg,album_ocr:compact:contrast:rot0,,
477,丰田 卡罗拉 2011款 1.6L 自动GL,AC8CEYU5S44WS7SXY,data/qxb-photos/row-0477_丰田_丰田 卡罗拉 2011款 1.6L 自动GL/04_fef71a5e5a.jpg,album_ocr:compact:contrast:rot0,,
478,本田 奥德赛 2009款 2.4L 舒适版,A1JEDC837SSSDBSY2,data/qxb-photos/row-0478_本田_本田 奥德赛 2009款 2.4L 舒适版/04_c3e0acc9e3.jpg,album_ocr:compact:contrast:rot0,,
479,现代 酷派 2007款 2.0L 自动,ALLEASSXY4ANNWF22,data/qxb-photos/row-0479_现代_现代 酷派 2007款 2.0L 自动/03_ba2e8a9198.jpg,album_ocr:compact:contrast:rot0,,
480,丰田 卡罗拉 2011款 1.6L 手动GL,A4VWNKARYYWWWAGXA,data/qxb-photos/row-0480_丰田_丰田 卡罗拉 2011款 1.6L 手动GL/05_2add44fe15.jpg,album_ocr:compact:contrast:rot0,,
481,本田 本田CR-V 2010款 2.0L 自动两驱都市版,ASSNYNSPZTYAYUANC,data/qxb-photos/row-0481_本田_本田 本田CR-V 2010款 2.0L 自动两驱都市版/03_492b496e46.jpg,album_ocr:compact:contrast:rot0,,
482,本田 本田CR-V 2007款 2.4L 自动四驱豪华版,A1YJZSXJTVL74L4S2,data/qxb-photos/row-0482_本田_本田 本田CR-V 2007款 2.4L 自动四驱豪华版/08_2e8d498e7e.jpg,album_ocr:compact:contrast:rot0,,
483,本田 本田CR-V 2012款 2.0L 两驱都市版,NSVAWN4BSS4NFPXKN,data/qxb-photos/row-0483_本田_本田 本田CR-V 2012款 2.0L 两驱都市版/05_2b3e514b27.jpg,album_ocr:compact:contrast:rot0,,
484,本田 本田XR-V 2017款 1.8L EXi CVT舒适版,ESL2CSAE74S5ASYRB,data/qxb-photos/row-0484_本田_本田 本田XR-V 2017款 1.8L EXi CVT舒适版/05_71a0d95063.jpg,album_ocr:compact:contrast:rot0,,
485,本田 杰德 2013款 1.8L 自动舒适版 5座,F7AFYFPPAAAADS249,data/qxb-photos/row-0485_本田_本田 杰德 2013款 1.8L 自动舒适版 5座/01_fe905daba2.jpg,album_ocr:compact:contrast:rot0,,
486,奔驰 奔驰C级 2008款 C 200K 标准型,F62S3SREEWWLA82DS,data/qxb-photos/row-0486_奔驰_奔驰 奔驰C级 2008款 C 200K 标准型/03_612e0ab98f.jpg,album_ocr:compact:contrast:rot0,,
488,丰田 RAV4荣放 2009款 2.4L 自动豪华版,ABSSSNSLYNYNEEXSS,data/qxb-photos/row-0488_丰田_丰田 RAV4荣放 2009款 2.4L 自动豪华版/06_be4e2c2d0f.jpg,album_ocr:compact:contrast:rot0,,
489,丰田 雷凌 2017款 改款 1.8GS CVT精英版 国V,AAN2ZZZZSSCET22P3,data/qxb-photos/row-0489_丰田_丰田 雷凌 2017款 改款 1.8GS CVT精英版 国V/09_1b4eabdb1a.jpg,album_ocr:compact:contrast:rot0,,
490,丰田 奕泽IZOA 2022款 双擎 2.0L 奕行版,EEWW1JN0SNSSSS3SX,data/qxb-photos/row-0490_丰田_丰田 奕泽IZOA 2022款 双擎 2.0L 奕行版/03_7898dec6b1.jpg,album_ocr:compact:contrast:rot270,,
491,丰田 皇冠 2010款 2.5L Royal 真皮导航版,A1SVS1RYSAWAGASSN,data/qxb-photos/row-0491_丰田_丰田 皇冠 2010款 2.5L Royal 真皮导航版/02_775693bd54.jpg,album_ocr:compact:contrast:rot270,,
492,丰田 卡罗拉 2021款 1.2T S-CVT 先锋版,ANEGEHLELEECS36CA,data/qxb-photos/row-0492_丰田_丰田 卡罗拉 2021款 1.2T S-CVT 先锋版/02_29da18075e.jpg,album_ocr:compact:contrast:rot0,,
493,本田 英仕派 2019款 锐·混动 2.0L 净尚版 国VI,AESSSNSWWZZGCSSSA,data/qxb-photos/row-0493_本田_本田 英仕派 2019款 锐·混动 2.0L 净尚版 国VI/03_e716d954e9.jpg,album_ocr:compact:contrast:rot0,,
494,本田 竞瑞 2017款 1.5L CVT经典版,ALWYSSASBAGN7SVDS,data/qxb-photos/row-0494_本田_本田 竞瑞 2017款 1.5L CVT经典版/03_374b58e8e6.jpg,album_ocr:compact:contrast:rot0,,
495,本田 思域 2016款 220TURBO CVT尊贵版,ALYJL19SS4EEXCS4B,data/qxb-photos/row-0495_本田_本田 思域 2016款 220TURBO CVT尊贵版/03_9973cc0301.jpg,album_ocr:compact:contrast:rot0,,
497,本田 本田CR-V 2007款 2.4L 自动四驱尊贵版,ESYS46NSSSLS1ASSS,data/qxb-photos/row-0497_本田_本田 本田CR-V 2007款 2.4L 自动四驱尊贵版/04_c0562df778.jpg,album_ocr:compact:contrast:rot0,,
498,本田 奥德赛 2008款 2.4L 舒适版,ASSGY4ASSNAZSSEN1,data/qxb-photos/row-0498_本田_本田 奥德赛 2008款 2.4L 舒适版/03_78f084466d.jpg,album_ocr:compact:contrast:rot0,,
499,本田 奥德赛 2007款 2.4L 舒适版,ASSSLT4PS1WM24REE,data/qxb-photos/row-0499_本田_本田 奥德赛 2007款 2.4L 舒适版/03_4320e985fe.jpg,album_ocr:compact:gray:rot0,,
500,丰田 凯美瑞 2006款 200G,ASSSLT22SSSSWN7AY,data/qxb-photos/row-0500_丰田_丰田 凯美瑞 2006款 200G/03_6aeaeaacd5.jpg,album_ocr:compact:contrast:rot270,,
501,丰田 卡罗拉 2007款 1.6L 自动GL,KSSRSB2SNJPYUANCH,data/qxb-photos/row-0501_丰田_丰田 卡罗拉 2007款 1.6L 自动GL/03_2be6d91fd0.jpg,album_ocr:compact:contrast:rot0,,
502,丰田 皇冠 2006款 2.5L Royal 真皮版,LF1SZSNVPAFNDRAMF,data/qxb-photos/row-0502_丰田_丰田 皇冠 2006款 2.5L Royal 真皮版/03_d7c18fff93.jpg,album_ocr:compact:contrast:rot270,,
503,丰田 RAV4荣放 2011款 2.0L 自动经典版,SSTESSGFLEC51AALL,data/qxb-photos/row-0503_丰田_丰田 RAV4荣放 2011款 2.0L 自动经典版/02_5f5fc852d2.jpg,album_ocr:compact:contrast:rot0,,
509,丰田 凯美瑞 2007款 200G 豪华版,ANESNWE2SSEYLZESS,data/qxb-photos/row-0509_丰田_丰田 凯美瑞 2007款 200G 豪华版/03_e11fd0e437.jpg,album_ocr:compact:contrast:rot0,,
511,日产 骊威 2007款 1.6L 手动多能型,BEXSSS4924X815999,data/qxb-photos/row-0511_日产_日产 骊威 2007款 1.6L 手动多能型/08_7b3214b2f7.jpg,album_ocr:compact:contrast:rot0,,
523,本田 雅阁 2008款 2.0L EX Navi,A20100513SSME5BR2,data/qxb-photos/row-0523_本田_本田 雅阁 2008款 2.0L EX Navi/16_071379061a.jpg,album_ocr:compact:contrast:rot0,,
525,本田 本田CR-V 2010款 2.0L 自动两驱都市版,MMRNXEESS15SB18SN,data/qxb-photos/row-0525_本田_本田 本田CR-V 2010款 2.0L 自动两驱都市版/03_0a60744019.jpg,album_ocr:compact:gray:rot0,,
532,丰田 凯美瑞 2016款 2.0E 十周年纪念精英版,BSSNNSSCSZSN7US2S,data/qxb-photos/row-0532_丰田_丰田 凯美瑞 2016款 2.0E 十周年纪念精英版/01_f2b11b6702.jpg,album_ocr:compact:contrast:rot0,,
533,丰田 普瑞维亚 2007款 3.5L 7人座豪华型,ASES31LJ7L7SDBSTA,data/qxb-photos/row-0533_丰田_丰田 普瑞维亚 2007款 3.5L 7人座豪华型/03_011ffd54f9.jpg,album_ocr:compact:contrast:rot0,,
534,奔驰 奔驰C级 2011款 C 200 CGI 优雅型,ABAYD4BEESN3TSTSS,data/qxb-photos/row-0534_奔驰_奔驰 奔驰C级 2011款 C 200 CGI 优雅型/03_38b9ac6b15.jpg,album_ocr:compact:contrast:rot0,,
535,本田 雅阁 2016款 2.0L 舒适版,A41BGPRLNAMSSESSR,data/qxb-photos/row-0535_本田_本田 雅阁 2016款 2.0L 舒适版/01_db00342a28.jpg,high:contrast:rot90,,
537,本田 雅阁 2016款 2.0L 舒适版,E4RJSUVJSNCCTEFSX,data/qxb-photos/row-0537_本田_本田 雅阁 2016款 2.0L 舒适版/03_653905c3d6.jpg,album_ocr:compact:contrast:rot90,,
538,本田 雅阁 2016款 混动 2.0L 锐酷版,FLUFSAVEAMVSS44W3,data/qxb-photos/row-0538_本田_本田 雅阁 2016款 混动 2.0L 锐酷版/03_33f9706aab.jpg,album_ocr:compact:contrast:rot90,,
539,本田 凌派 2016款 1.8L CVT舒适版,ASLSHOEPSBEUSSSAN,data/qxb-photos/row-0539_本田_本田 凌派 2016款 1.8L CVT舒适版/05_b70cabcd00.jpg,review:contrast:rot270,,
540,本田 奥德赛 2017款 2.4L 智享福祉版,ALLSXNNFXXSVMDSA4,data/qxb-photos/row-0540_本田_本田 奥德赛 2017款 2.4L 智享福祉版/03_91c65a2e4f.jpg,album_ocr:compact:contrast:rot0,,
541,本田 雅阁 2016款 2.0L 舒适版,AL4SSNMJKYY4VSPFZ,data/qxb-photos/row-0541_本田_本田 雅阁 2016款 2.0L 舒适版/03_0a1f671cf9.jpg,album_ocr:compact:contrast:rot270,,
197,本田 思域 2008款 1.8L 手动纪念经典版,LVHFA152985059496,data/qxb-photos/row-0197_本田_本田 思域 2008款 1.8L 手动纪念经典版/16_e431da4df0.jpg,album_ocr:very_high:gray:rot0,,
198,本田 雅阁 2012款 2.0L SE,LHGCP1699C8020019,data/qxb-photos/row-0198_本田_本田 雅阁 2012款 2.0L SE/16_dbc1c8ef53.jpg,album_ocr:very_high:gray:rot0,,
39,铃木 雨燕 2009款 1.3L 自动超值版,LSSW3ADR5AB067633,data/qxb-photos/row-0039_铃木_铃木 雨燕 2009款 1.3L 自动超值版/15_908e13a4c3.jpg,album_ocr:very_high:contrast:rot0,,
200,本田 飞度 2012款 1.3L 自动舒适版,LHGGE6838D2022331,data/qxb-photos/row-0200_本田_本田 飞度 2012款 1.3L 自动舒适版/16_819abce571.jpg,album_ocr:very_high:gray:rot0,,
201,本田 雅阁 2006款 2.0L 标准版,LHGCM462X52001255,data/qxb-photos/row-0201_本田_本田 雅阁 2006款 2.0L 标准版/16_abfc74d253.jpg,album_ocr:very_high:gray:rot0,,
202,起亚 起亚K2 2015款 三厢 1.4L AT GLS,LJDLAA296F0500490,data/qxb-photos/row-0202_起亚_起亚 起亚K2 2015款 三厢 1.4L AT GLS/16_bd1380448f.jpg,album_ocr:very_high:gray:rot0,,
203,起亚 秀尔 2010款 1.6L AT GLS,LJDHAA122A0009093,data/qxb-photos/row-0203_起亚_起亚 秀尔 2010款 1.6L AT GLS/16_cb739c7b32.jpg,album_ocr:very_high:gray:rot0,,
204,丰田 卡罗拉 2008款 1.8L 自动GL-i天窗特别版,LFMARE2C390214358,data/qxb-photos/row-0204_丰田_丰田 卡罗拉 2008款 1.8L 自动GL-i天窗特别版/16_ecc3807011.jpg,album_ocr:very_high:gray:rot0,,
205,本田 雅阁 2006款 2.4L 加热版,LHGCM567862017537,data/qxb-photos/row-0205_本田_本田 雅阁 2006款 2.4L 加热版/16_0c13c314f2.jpg,album_ocr:very_high:gray:rot0,,
63,铃木 天语 SX4 2010款 两厢 1.6L 手动冠军限量版,LS5A3ABE3AB070976,data/qxb-photos/row-0063_铃木_铃木 天语 SX4 2010款 两厢 1.6L 手动冠军限量版/16_b28e71775c.jpg,album_ocr:very_high:gray:rot0,,
208,本田 本田CR-V 2010款 2.4L 自动四驱豪华版,LVHRE4870B5059825,data/qxb-photos/row-0208_本田_本田 本田CR-V 2010款 2.4L 自动四驱豪华版/17_a148d1ce11.jpg,album_ocr:very_high:gray:rot0,,
210,日产 天籁 2005款 230JM-S,LGBF1CE045R132594,data/qxb-photos/row-0210_日产_日产 天籁 2005款 230JM-S/17_6d8f13f242.jpg,album_ocr:very_high:gray:rot0,,
211,丰田 锐志 2006款 2.5V,LFMBE22D760040068,data/qxb-photos/row-0211_丰田_丰田 锐志 2006款 2.5V/16_7dfec66e32.jpg,album_ocr:very_high:gray:rot0,,
213,丰田 卡罗拉 2008款 1.8L 自动GL-i天窗特别版,LFMARE2C880116148,data/qxb-photos/row-0213_丰田_丰田 卡罗拉 2008款 1.8L 自动GL-i天窗特别版/17_b64e598063.jpg,album_ocr:very_high:gray:rot0,,
214,奔驰 奔驰B级 2009款 B 200 豪华型,WDDFH3DB8AJ553786,data/qxb-photos/row-0214_奔驰_奔驰 奔驰B级 2009款 B 200 豪华型/16_e3515eee83.jpg,album_ocr:very_high:gray:rot0,,
215,铃木 奥拓 2009款 1.0L 自动豪华型,LS5A3ADD0AB133262,data/qxb-photos/row-0215_铃木_铃木 奥拓 2009款 1.0L 自动豪华型/16_f41cca2dad.jpg,album_ocr:very_high:gray:rot0,,
216,现代 北京现代ix35 2010款 2.0L 自动两驱精英版GLS,LBELMBKG8AY059009,data/qxb-photos/row-0216_现代_现代 北京现代ix35 2010款 2.0L 自动两驱精英版GLS/15_6a5c923393.jpg,album_ocr:high:contrast:rot0,,
217,本田 锋范经典 2012款 1.5L 自动精英版,LHGGM2651A2079093,data/qxb-photos/row-0217_本田_本田 锋范经典 2012款 1.5L 自动精英版/16_71551b3fa1.jpg,album_ocr:very_high:gray:rot0,,
218,现代 瑞纳 2013款 三厢 1.4L 自动标准型GL,A6BMN0BRSARMWEEHB,data/qxb-photos/row-0218_现代_现代 瑞纳 2013款 三厢 1.4L 自动标准型GL/16_a1234835f9.jpg,album_ocr:review:contrast:rot270,,
219,起亚 欧菲莱斯 2005款 2.7 V6标配,KNALD221465002810,data/qxb-photos/row-0219_起亚_起亚 欧菲莱斯 2005款 2.7 V6标配/19_b2ccd79fbd.jpg,album_ocr:very_high:gray:rot0,,
131,日产 奇骏 2010款 2.5L CVT豪华版 4WD,LGBM2DE41BS013063,data/qxb-photos/row-0131_日产_日产 奇骏 2010款 2.5L CVT豪华版 4WD/16_7c661ba970.jpg,album_ocr:very_high:gray:rot0,,
134,本田 奥德赛 2005款 2.4L 舒适型,LHGRB184752021508,data/qxb-photos/row-0134_本田_本田 奥德赛 2005款 2.4L 舒适型/16_0ded8263bf.jpg,album_ocr:very_high:gray:rot0,,
220,奔驰 奔驰E级(进口) 2005款 E280,LE4FTM8K25A900134,data/qxb-photos/row-0220_奔驰_奔驰 奔驰E级(进口) 2005款 E280/16_04745fbdcc.jpg,album_ocr:very_high:gray:rot0,,
136,日产 天籁 2008款 2.5L XL领先版,LGBF1DE049R222288,data/qxb-photos/row-0136_日产_日产 天籁 2008款 2.5L XL领先版/17_a79de4036c.jpg,album_ocr:very_high:gray:rot0,,
221,本田 锋范 2011款 1.5L 自动 精英品致版,LHGGM2651B2041879,data/qxb-photos/row-0221_本田_本田 锋范 2011款 1.5L 自动 精英品致版/17_f046a76b81.jpg,album_ocr:very_high:gray:rot0,,
143,本田 思域 2006款 1.8L 自动豪华版,LVHFA164975074630,data/qxb-photos/row-0143_本田_本田 思域 2006款 1.8L 自动豪华版/08_9f6812ea56.jpg,album_ocr:very_high:gray:rot0,,
144,日产 天籁 2008款 2.0L XL舒适版,LGBF1AE099R127966,data/qxb-photos/row-0144_日产_日产 天籁 2008款 2.0L XL舒适版/07_b923cf83b8.jpg,album_ocr:very_high:gray:rot0,,
145,日产 天籁 2005款 230JM,LGBF1CE065R130054,data/qxb-photos/row-0145_日产_日产 天籁 2005款 230JM/04_2ef04f5300.jpg,album_ocr:very_high:gray:rot0,,
149,日产 天籁 2006款 200JK豪华版,LGBF1AE046R002739,data/qxb-photos/row-0149_日产_日产 天籁 2006款 200JK豪华版/16_81f7c4e5bc.jpg,album_ocr:very_high:gray:rot0,,
224,现代 胜达 2013款 2.4L 自动四驱智能型,LBEDMBND8DZ009878,data/qxb-photos/row-0224_现代_现代 胜达 2013款 2.4L 自动四驱智能型/16_2394b411c2.jpg,album_ocr:very_high:gray:rot0,,
150,起亚 佳乐 2007款 2.0L 5座标准版,KNAFG521397222462,data/qxb-photos/row-0150_起亚_起亚 佳乐 2007款 2.0L 5座标准版/08_1699fa85c3.jpg,album_ocr:very_high:gray:rot0,,
225,现代 胜达 2013款 2.4L 自动四驱舒适型,LBEDMBND3DZ031559,data/qxb-photos/row-0225_现代_现代 胜达 2013款 2.4L 自动四驱舒适型/17_17c6bdf74a.jpg,album_ocr:very_high:gray:rot0,,
226,日产 颐达 2008款 1.6L 自动时尚型,LGBG12E277Y032790,data/qxb-photos/row-0226_日产_日产 颐达 2008款 1.6L 自动时尚型/16_25a970cdf6.jpg,album_ocr:very_high:gray:rot0,,
161,丰田 凯美瑞 2008款 240G 豪华版,LVGBE40K58G277309,data/qxb-photos/row-0161_丰田_丰田 凯美瑞 2008款 240G 豪华版/16_31171894d7.jpg,album_ocr:very_high:gray:rot0,,
163,本田 思域 2006款 1.8L 自动经典版 国III,LVHFA162165013186,data/qxb-photos/row-0163_本田_本田 思域 2006款 1.8L 自动经典版 国III/16_c7796bd6eb.jpg,album_ocr:very_high:gray:rot0,,
228,日产 颐达 2008款 1.6L 手动智能型,LGBG12E279Y069132,data/qxb-photos/row-0228_日产_日产 颐达 2008款 1.6L 手动智能型/16_863ded9f0d.jpg,album_ocr:very_high:gray:rot0,,
165,日产 天籁 2005款 230JM-S,LGBF1CE015R141690,data/qxb-photos/row-0165_日产_日产 天籁 2005款 230JM-S/06_7c526f03b9.jpg,album_ocr:very_high:gray:rot0,,
166,日产 天籁 2007款 御 230JK豪华版,LGBF1CE067R220646,data/qxb-photos/row-0166_日产_日产 天籁 2007款 御 230JK豪华版/08_6e46817757.jpg,album_ocr:very_high:gray:rot0,,
229,日产 骏逸 2006款 1.8L 手动标准型,LGBJB3E78AY010566,data/qxb-photos/row-0229_日产_日产 骏逸 2006款 1.8L 手动标准型/16_380f05ad79.jpg,album_ocr:very_high:gray:rot0,,
168,日产 轩逸 2007款 2.0L XE 舒适版 国III,A8RS0ZALSSASSJPSB,data/qxb-photos/row-0168_日产_日产 轩逸 2007款 2.0L XE 舒适版 国III/15_4a2b1c7980.jpg,album_ocr:compact:contrast:rot0,,
169,丰田 凯美瑞 2007款 240G 豪华版,LVGBE42K16G040598,data/qxb-photos/row-0169_丰田_丰田 凯美瑞 2007款 240G 豪华版/16_2b3fb1821f.jpg,album_ocr:very_high:gray:rot0,,
230,起亚 起亚K2 2011款 三厢 1.6L AT Premium,LJDLAA229B0052954,data/qxb-photos/row-0230_起亚_起亚 起亚K2 2011款 三厢 1.6L AT Premium/16_7623f62226.jpg,album_ocr:very_high:gray:rot0,,
170,奔驰 奔驰R级 2007款 R 350 L 4MATIC,WDCCB65E58A076957,data/qxb-photos/row-0170_奔驰_奔驰 奔驰R级 2007款 R 350 L 4MATIC/16_317a12e111.jpg,album_ocr:very_high:gray:rot0,,
172,三菱 格蓝迪 2007款 2.4 六座精英版,JE3AA58HX8Z502721,data/qxb-photos/row-0172_三菱_三菱 格蓝迪 2007款 2.4 六座精英版/08_7aa47d6631.jpg,album_ocr:very_high:gray:rot0,,
174,本田 思域 2009款 1.8L 自动经典版,LVHFA161XA5054934,data/qxb-photos/row-0174_本田_本田 思域 2009款 1.8L 自动经典版/16_9550dfd234.jpg,album_ocr:very_high:gray:rot0,,
231,丰田 卡罗拉 2012款 炫装版 1.8L 手动GL-i,MLPNPSACSSESRSPSS,data/qxb-photos/row-0231_丰田_丰田 卡罗拉 2012款 炫装版 1.8L 手动GL-i/01_1c0e6a11aa.jpg,album_ocr:high:contrast:rot0,,
176,日产 轩逸 2006款 2.0 XL,LGBH1AE077Y022886,data/qxb-photos/row-0176_日产_日产 轩逸 2006款 2.0 XL/16_abccaa4bb9.jpg,album_ocr:very_high:gray:rot0,,
177,丰田 雷凌 2017款 改款双擎 1.8H GS E-CVT精英天窗版 国V,LVGBY80E2JG083819,data/qxb-photos/row-0177_丰田_丰田 雷凌 2017款 改款双擎 1.8H GS E-CVT精英天窗版 国V/08_29f0deacf2.jpg,album_ocr:very_high:gray:rot0,,
233,丰田 凯美瑞 2006款 240G,A1CSFM2CSPSFXXVEN,data/qxb-photos/row-0233_丰田_丰田 凯美瑞 2006款 240G/03_85019253b3.jpg,album_ocr:compact:contrast:rot0,,
178,奔驰 奔驰E级 2011款 E 300 L 优雅型,LE4HG5EB6BL017774,data/qxb-photos/row-0178_奔驰_奔驰 奔驰E级 2011款 E 300 L 优雅型/16_a606f04f3c.jpg,album_ocr:very_high:gray:rot0,,
180,铃木 浪迪 2009款 1.4L手动标准型 阳光版,LVFAD1AD39G054513,data/qxb-photos/row-0180_铃木_铃木 浪迪 2009款 1.4L手动标准型 阳光版/16_fd1a5118b4.jpg,album_ocr:very_high:gray:rot0,,
235,日产 骊威 2010款 劲悦版 1.6L 自动全能型,LGBK22E51AY067091,data/qxb-photos/row-0235_日产_日产 骊威 2010款 劲悦版 1.6L 自动全能型/16_eb185f2a78.jpg,album_ocr:very_high:gray:rot0,,
184,铃木 奥拓 2013款 1.0L 自动豪华型,LS5A3ADD7CB098108,data/qxb-photos/row-0184_铃木_铃木 奥拓 2013款 1.0L 自动豪华型/16_d770c8bed3.jpg,album_ocr:very_high:gray:rot0,,
236,现代 悦动 2008款 1.6L MT GLS,LBEHDAEB69Y202280,data/qxb-photos/row-0236_现代_现代 悦动 2008款 1.6L MT GLS/16_f36f59f9b4.jpg,album_ocr:very_high:gray:rot0,,
238,现代 领动 2016款 1.6L 手动智炫·青春型,LBEADAEB0JX330722,data/qxb-photos/row-0238_现代_现代 领动 2016款 1.6L 手动智炫·青春型/16_f4a3156df4.jpg,album_ocr:review:gray:rot0,,
192,奔驰 奔驰B级 2009款 B 200 时尚型,WDDFH3DB4BJ693206,data/qxb-photos/row-0192_奔驰_奔驰 奔驰B级 2009款 B 200 时尚型/16_34b68901b0.jpg,album_ocr:very_high:gray:rot0,,
195,起亚 霸锐 2008款 3.8L 豪华版 国IV,KNAKN8111A5052321,data/qxb-photos/row-0195_起亚_起亚 霸锐 2008款 3.8L 豪华版 国IV/16_a06bbcee80.jpg,album_ocr:very_high:gray:rot0,,
239,丰田 威驰 2008款 1.3L GL-i MT,KNAJC526X85804201,data/qxb-photos/row-0239_丰田_丰田 威驰 2008款 1.3L GL-i MT/16_ea15b749bd.jpg,album_ocr:very_high:gray:rot0,,
240,起亚 福瑞迪 2011款 1.6L MT GLS,LJDGAA22XA0154134,data/qxb-photos/row-0240_起亚_起亚 福瑞迪 2011款 1.6L MT GLS/16_7189cc9ca3.jpg,album_ocr:very_high:gray:rot0,,
241,本田 飞度 2011款 1.3L 手动舒适版,LHGGE6735A2019139,data/qxb-photos/row-0241_本田_本田 飞度 2011款 1.3L 手动舒适版/16_94c062471a.jpg,album_ocr:very_high:gray:rot0,,
244,日产 奇骏 2008款 2.5L XV CVT 4WD,LGBM2DE468Y001092,data/qxb-photos/row-0244_日产_日产 奇骏 2008款 2.5L XV CVT 4WD/16_002663c9ef.jpg,album_ocr:very_high:gray:rot0,,
245,本田 本田CR-V 2010款 2.0L 自动两驱都市版,LVHRE1838A5002279,data/qxb-photos/row-0245_本田_本田 本田CR-V 2010款 2.0L 自动两驱都市版/16_ce7d6abcf0.jpg,album_ocr:very_high:gray:rot0,,
246,铃木 天语 SX4 2009款 两厢 1.6L 自动运动型,LS5A3ADE2AB025038,data/qxb-photos/row-0246_铃木_铃木 天语 SX4 2009款 两厢 1.6L 自动运动型/16_1dd4c6fedd.jpg,album_ocr:very_high:gray:rot0,,
247,丰田 花冠 2009款 1.6L 自动G特别版,LFMAP22C290127989,data/qxb-photos/row-0247_丰田_丰田 花冠 2009款 1.6L 自动G特别版/16_1fe8a7c2d6.jpg,album_ocr:very_high:gray:rot0,,
249,现代 途胜 2009款 2.0L 自动两驱天窗型,LBEJMBKB29X173670,data/qxb-photos/row-0249_现代_现代 途胜 2009款 2.0L 自动两驱天窗型/16_684a61679c.jpg,album_ocr:very_high:gray:rot0,,
251,起亚 福瑞迪 2011款 1.6L AT GL,LJDGAA227A0154320,data/qxb-photos/row-0251_起亚_起亚 福瑞迪 2011款 1.6L AT GL/16_5f27a95b6e.jpg,album_ocr:very_high:gray:rot0,,
252,现代 索纳塔 2011款 2.0L 自动豪华版,LBEYFAKD9CY137951,data/qxb-photos/row-0252_现代_现代 索纳塔 2011款 2.0L 自动豪华版/16_45df81c49c.jpg,album_ocr:very_high:gray:rot0,,
253,本田 思域 2009款 1.8L 自动舒适版,LVHFA1612B5022741,data/qxb-photos/row-0253_本田_本田 思域 2009款 1.8L 自动舒适版/16_b9fe8abb06.jpg,album_ocr:very_high:gray:rot0,,
256,本田 雅阁 2008款 2.4L EXL Navi,LHGCP260088047530,data/qxb-photos/row-0256_本田_本田 雅阁 2008款 2.4L EXL Navi/16_c068991f93.jpg,album_ocr:very_high:gray:rot0,,
257,丰田 威驰 2008款 1.6L GL-i 特别纪念版 AT,LFMAP90A0A0050215,data/qxb-photos/row-0257_丰田_丰田 威驰 2008款 1.6L GL-i 特别纪念版 AT/16_10e6bc038c.jpg,album_ocr:very_high:gray:rot0,,
258,日产 颐达 2006款 1.6JE MT,LGBG12E227Y055250,data/qxb-photos/row-0258_日产_日产 颐达 2006款 1.6JE MT/16_b3deea9fec.jpg,album_ocr:very_high:gray:rot0,,
259,现代 悦动 2010款 1.6L MT GLS,LBEHDAEB9AY506076,data/qxb-photos/row-0259_现代_现代 悦动 2010款 1.6L MT GLS/16_1c491597f0.jpg,album_ocr:very_high:gray:rot0,,
261,起亚 福瑞迪 2011款 1.6L AT Premium,LJDGAA227A0154320,data/qxb-photos/row-0261_起亚_起亚 福瑞迪 2011款 1.6L AT Premium/17_a13f47ba31.jpg,album_ocr:very_high:gray:rot0,,
262,丰田 凯美瑞 2007款 240G 豪华版,LVGBE40K78G203227,data/qxb-photos/row-0262_丰田_丰田 凯美瑞 2007款 240G 豪华版/16_56a67bc48e.jpg,album_ocr:very_high:gray:rot0,,
264,起亚 狮跑 2007款 2.0L 自动两驱版GL 国III,LJDFAA14480033673,data/qxb-photos/row-0264_起亚_起亚 狮跑 2007款 2.0L 自动两驱版GL 国III/16_2bdda96de8.jpg,album_ocr:very_high:gray:rot0,,
265,日产 天籁 2009款 公爵 2.5L XV VIP尊享版,LGBF1DE039R180731,data/qxb-photos/row-0265_日产_日产 天籁 2009款 公爵 2.5L XV VIP尊享版/16_e469f7b8ac.jpg,album_ocr:very_high:gray:rot0,,
266,现代 途胜 2009款 2.0L 自动两驱天窗型,CEDRRPCEAWAE06BHE,data/qxb-photos/row-0266_现代_现代 途胜 2009款 2.0L 自动两驱天窗型/16_12e02835fa.jpg,album_ocr:review:contrast:rot90,,
268,日产 轩逸 2012款 经典 1.6XE 自动舒适版,LGBH12E03GY425849,data/qxb-photos/row-0268_日产_日产 轩逸 2012款 经典 1.6XE 自动舒适版/16_481a4024c9.jpg,album_ocr:very_high:gray:rot0,,
269,本田 雅阁 2008款 2.4L EX,LHGCP267288033738,data/qxb-photos/row-0269_本田_本田 雅阁 2008款 2.4L EX/16_d7a15a8d2d.jpg,album_ocr:very_high:gray:rot0,,
270,丰田 凯美瑞 2009款 200G 豪华版,LVGBH40K8AG386022,data/qxb-photos/row-0270_丰田_丰田 凯美瑞 2009款 200G 豪华版/16_5c2b021a5c.jpg,album_ocr:very_high:gray:rot0,,
271,铃木 天语 尚悦 2011款 1.6L 自动舒适型,LS5A2ADE2BB007417,data/qxb-photos/row-0271_铃木_铃木 天语 尚悦 2011款 1.6L 自动舒适型/16_f94a9be249.jpg,album_ocr:very_high:gray:rot0,,
273,日产 日产帕拉丁 2013款 2.4L 四驱标准型 国IV,LJNMEWAG1BN096383,data/qxb-photos/row-0273_日产_日产 日产帕拉丁 2013款 2.4L 四驱标准型 国IV/16_405115c687.jpg,album_ocr:very_high:gray:rot0,,
274,丰田 皇冠 2006款 2.5L Royal 真皮版,LFMBE85B770057712,data/qxb-photos/row-0274_丰田_丰田 皇冠 2006款 2.5L Royal 真皮版/16_875e86f0c1.jpg,album_ocr:very_high:gray:rot0,,
275,本田 本田CR-V 2010款 2.4L 自动四驱豪华版,LVHRE4875A5058460,data/qxb-photos/row-0275_本田_本田 本田CR-V 2010款 2.4L 自动四驱豪华版/16_66dafd560b.jpg,album_ocr:very_high:gray:rot0,,
276,丰田 皇冠 2006款 2.5L Royal 真皮版,LFMBE85B570058325,data/qxb-photos/row-0276_丰田_丰田 皇冠 2006款 2.5L Royal 真皮版/16_3e15491219.jpg,album_ocr:very_high:gray:rot0,,
277,奔驰 奔驰R级 2009款 R 300 L 商务型,WDCCB54EX8A097251,data/qxb-photos/row-0277_奔驰_奔驰 奔驰R级 2009款 R 300 L 商务型/16_30ab7164f3.jpg,album_ocr:very_high:gray:rot0,,
278,本田 雅阁 2004款 2.4L,LHGCM566532013920,data/qxb-photos/row-0278_本田_本田 雅阁 2004款 2.4L/16_8e4ae3e283.jpg,album_ocr:very_high:gray:rot0,,
279,日产 轩逸 2009款 2.0XL CVT豪华天窗版,LGBH1AE02AY122160,data/qxb-photos/row-0279_日产_日产 轩逸 2009款 2.0XL CVT豪华天窗版/16_fb8cbe63ab.jpg,album_ocr:high:contrast:rot0,,
283,日产 骐达TIIDA 2011款 1.6L CVT智能型,Y10969399100904HF,data/qxb-photos/row-0283_日产_日产 骐达TIIDA 2011款 1.6L CVT智能型/16_74238eb6f0.jpg,album_ocr:high:contrast:rot270,,
285,现代 胜达 2013款 2.4L 手动两驱舒适型,EVGEERRYSUCYBHEEY,data/qxb-photos/row-0285_现代_现代 胜达 2013款 2.4L 手动两驱舒适型/18_9c7666e4b1.jpg,album_ocr:high:gray:rot270,,
286,现代 瑞纳 2010款 三厢 1.4L 自动BLUE型,LBERCADC8AX009544,data/qxb-photos/row-0286_现代_现代 瑞纳 2010款 三厢 1.4L 自动BLUE型/16_a8a51d4cd4.jpg,album_ocr:very_high:gray:rot0,,
288,起亚 狮跑 2009款 2.0L 自动两驱版GLS,LJDFAA145A0092706,data/qxb-photos/row-0288_起亚_起亚 狮跑 2009款 2.0L 自动两驱版GLS/16_144dbaf1d5.jpg,album_ocr:very_high:contrast:rot0,,
289,起亚 索兰托 2009款 2.4L 舒适版,KNAKU8118C5226603,data/qxb-photos/row-0289_起亚_起亚 索兰托 2009款 2.4L 舒适版/16_644c0404a5.jpg,album_ocr:very_high:gray:rot0,,
291,现代 悦动 2011款 1.6L 自动顶级型,LBEHDAFB4CY809557,data/qxb-photos/row-0291_现代_现代 悦动 2011款 1.6L 自动顶级型/16_48b20f210b.jpg,album_ocr:very_high:gray:rot0,,
292,日产 逍客 2008款 20X雷 CVT 2WD,LGBL2AE019Y027401,data/qxb-photos/row-0292_日产_日产 逍客 2008款 20X雷 CVT 2WD/16_7d66d57e0a.jpg,album_ocr:very_high:gray:rot0,,
293,现代 北京现代ix35 2010款 2.0L 自动两驱精英版GLS,LBELMBKC4BY078545,data/qxb-photos/row-0293_现代_现代 北京现代ix35 2010款 2.0L 自动两驱精英版GLS/16_da541b8396.jpg,album_ocr:very_high:gray:rot0,,
295,日产 颐达 2006款 1.6J MT,LGBG12E297Y045329,data/qxb-photos/row-0295_日产_日产 颐达 2006款 1.6J MT/16_85ce78782f.jpg,album_ocr:very_high:gray:rot0,,
296,铃木 天语 SX4 2009款 两厢 1.6L 自动运动型,LS5A3ADE3AB011360,data/qxb-photos/row-0296_铃木_铃木 天语 SX4 2009款 两厢 1.6L 自动运动型/16_18c97722d6.jpg,album_ocr:very_high:gray:rot0,,
302,丰田 雷凌 2017款 改款双擎 1.8H GS E-CVT精英天窗版 国V,LVGBY80E7HG057906,data/qxb-photos/row-0302_丰田_丰田 雷凌 2017款 改款双擎 1.8H GS E-CVT精英天窗版 国V/16_bd68371807.jpg,album_ocr:very_high:gray:rot0,,
303,日产 轩逸 2009款 1.6XE 自动舒适版,LGBH12E08BY222934,data/qxb-photos/row-0303_日产_日产 轩逸 2009款 1.6XE 自动舒适版/16_9ab69de644.jpg,album_ocr:very_high:gray:rot0,,
304,铃木 天语 SX4 2009款 两厢 1.6L 手动时尚型,LS5A3ABE29B026950,data/qxb-photos/row-0304_铃木_铃木 天语 SX4 2009款 两厢 1.6L 手动时尚型/16_d8fc525a51.jpg,album_ocr:very_high:gray:rot0,,
305,现代 索纳塔 2011款 2.0L 自动领先版,LBEYFAKB3CY096084,data/qxb-photos/row-0305_现代_现代 索纳塔 2011款 2.0L 自动领先版/16_266b1292a5.jpg,album_ocr:very_high:gray:rot0,,
306,现代 悦动 2008款 1.6L AT GLS,LBEHDAFB59Y130406,data/qxb-photos/row-0306_现代_现代 悦动 2008款 1.6L AT GLS/16_b8e2ae89a5.jpg,album_ocr:very_high:gray:rot0,,
307,本田 歌诗图 2012款 2.4L 尊享版,LHGTF3855D8043811,data/qxb-photos/row-0307_本田_本田 歌诗图 2012款 2.4L 尊享版/16_224020c980.jpg,album_ocr:very_high:gray:rot0,,
308,奔驰 奔驰C级 2013款 C 180 CGI 经典型,LE4GF4KB1DL237808,data/qxb-photos/row-0308_奔驰_奔驰 奔驰C级 2013款 C 180 CGI 经典型/16_0dbb647aae.jpg,album_ocr:very_high:gray:rot0,,
309,现代 途胜 2006款 2.0L 自动两驱舒适型,LBEJMBKB87X066457,data/qxb-photos/row-0309_现代_现代 途胜 2006款 2.0L 自动两驱舒适型/16_5d8678e35c.jpg,album_ocr:very_high:gray:rot0,,
310,日产 日产帕拉丁 2006款 2.4L 两驱标准型,LJNMEW1G75N014242,data/qxb-photos/row-0310_日产_日产 日产帕拉丁 2006款 2.4L 两驱标准型/16_ada0f2b7d1.jpg,album_ocr:very_high:gray:rot0,,
311,丰田 凯美瑞 2007款 240G 豪华版,LVGBE40KX8G203576,data/qxb-photos/row-0311_丰田_丰田 凯美瑞 2007款 240G 豪华版/16_68667cb278.jpg,album_ocr:very_high:gray:rot0,,
312,日产 日产帕拉丁 2008款 2.4L 两驱标准型,LJNMEW1G78N007697,data/qxb-photos/row-0312_日产_日产 日产帕拉丁 2008款 2.4L 两驱标准型/16_24d82dbe5d.jpg,album_ocr:very_high:gray:rot0,,
313,丰田 锐志 2006款 2.5V,LFMBE22D660038778,data/qxb-photos/row-0313_丰田_丰田 锐志 2006款 2.5V/16_aeb3573809.jpg,album_ocr:very_high:gray:rot0,,
314,丰田 锐志 2007款 2.5V 天窗导航版,LFMBE20D270107468,data/qxb-photos/row-0314_丰田_丰田 锐志 2007款 2.5V 天窗导航版/16_fe367e8408.jpg,album_ocr:very_high:gray:rot0,,
316,本田 思域 2008款 1.8L 手动纪念经典版,LVHFA152685019795,data/qxb-photos/row-0316_本田_本田 思域 2008款 1.8L 手动纪念经典版/16_3aac91a2f7.jpg,album_ocr:very_high:gray:rot0,,
317,现代 悦动 2008款 1.6L AT GLS,LBEHDAFB79Y189912,data/qxb-photos/row-0317_现代_现代 悦动 2008款 1.6L AT GLS/16_eecbbec45e.jpg,album_ocr:very_high:gray:rot0,,
319,日产 天籁 2008款 2.5L XL领先版,LGBF1DE008R113017,data/qxb-photos/row-0319_日产_日产 天籁 2008款 2.5L XL领先版/16_6d720b188a.jpg,album_ocr:very_high:gray:rot0,,
320,日产 颐达 2008款 1.6L 自动智能型,LGBG12E009Y615459,data/qxb-photos/row-0320_日产_日产 颐达 2008款 1.6L 自动智能型/16_ccf25abb46.jpg,album_ocr:very_high:gray:rot0,,
321,本田 本田CR-V 2007款 2.4L 自动四驱豪华版,LVHRE487195014810,data/qxb-photos/row-0321_本田_本田 本田CR-V 2007款 2.4L 自动四驱豪华版/16_d34db060d7.jpg,album_ocr:very_high:gray:rot0,,
323,现代 胜达经典 2011款 2.4L 至尊版 七座四驱,KMHSH81B6AU606263,data/qxb-photos/row-0323_现代_现代 胜达经典 2011款 2.4L 至尊版 七座四驱/16_24bc39d2ca.jpg,album_ocr:very_high:gray:rot0,,
324,本田 思域 2009款 1.8L 自动豪华版,LVHFA165095044220,data/qxb-photos/row-0324_本田_本田 思域 2009款 1.8L 自动豪华版/16_528ff1976e.jpg,album_ocr:very_high:gray:rot0,,
325,本田 本田CR-V 2005款 2.0L 手动,LVHRD574565010903,data/qxb-photos/row-0325_本田_本田 本田CR-V 2005款 2.0L 手动/16_b4315cbe89.jpg,album_ocr:very_high:gray:rot0,,
326,起亚 狮跑 2011款 2.0L 自动两驱版GL,LJDFAA144B0179983,data/qxb-photos/row-0326_起亚_起亚 狮跑 2011款 2.0L 自动两驱版GL/16_5073f8453f.jpg,album_ocr:very_high:gray:rot0,,
327,现代 胜达经典 2010款 2.4 至尊版 七座四驱,KMHSH81B9AU632937,data/qxb-photos/row-0327_现代_现代 胜达经典 2010款 2.4 至尊版 七座四驱/17_dd960a75d9.jpg,album_ocr:very_high:gray:rot0,,
328,奔驰 奔驰E级(进口) 2010款 E 200 CGI 优雅型,WDDHF4JB3AA223272,data/qxb-photos/row-0328_奔驰_奔驰 奔驰E级(进口) 2010款 E 200 CGI 优雅型/16_ebf42b01a1.jpg,album_ocr:very_high:gray:rot0,,
329,本田 思铂睿 2009款 2.4L 豪华版,A7L4YV7SESW1MAE44,data/qxb-photos/row-0329_本田_本田 思铂睿 2009款 2.4L 豪华版/15_99fa87df94.jpg,album_ocr:compact:contrast:rot0,,
330,现代 北京现代ix35 2010款 2.0L 手动两驱新锐版GL,LBELMBJBXBY152267,data/qxb-photos/row-0330_现代_现代 北京现代ix35 2010款 2.0L 手动两驱新锐版GL/16_04906a80a1.jpg,album_ocr:very_high:gray:rot0,,
331,现代 悦动 2008款 1.6L AT GLS,LBEHDAFB49Y190807,data/qxb-photos/row-0331_现代_现代 悦动 2008款 1.6L AT GLS/16_cfd846967d.jpg,album_ocr:very_high:gray:rot0,,
332,奔驰 唯雅诺(进口) 2006款 Viano 3.2L,WD4WA582683453226,data/qxb-photos/row-0332_奔驰_奔驰 唯雅诺(进口) 2006款 Viano 3.2L/16_cdf17cde9e.jpg,album_ocr:very_high:gray:rot0,,
333,现代 维拉克斯 2012款 3.8L 豪华版,KMHNU81C4DU203470,data/qxb-photos/row-0333_现代_现代 维拉克斯 2012款 3.8L 豪华版/16_36c775e613.jpg,album_ocr:very_high:gray:rot0,,
335,现代 胜达经典 2010款 2.4 至尊版 七座四驱,KMHSH81B9AU632937,data/qxb-photos/row-0335_现代_现代 胜达经典 2010款 2.4 至尊版 七座四驱/16_a26881c1e9.jpg,album_ocr:very_high:gray:rot0,,
337,起亚 起亚K2 2012款 两厢 1.6L AT Premium,LJDLAA123C0014588,data/qxb-photos/row-0337_起亚_起亚 起亚K2 2012款 两厢 1.6L AT Premium/16_a8539583d9.jpg,album_ocr:very_high:gray:rot0,,
339,丰田 RAV4荣放 2009款 2.4L 自动豪华版,LFMJW30F690027951,data/qxb-photos/row-0339_丰田_丰田 RAV4荣放 2009款 2.4L 自动豪华版/16_f38fc5b719.jpg,album_ocr:very_high:gray:rot0,,
340,铃木 北斗星 2012款 创业版 1.0L 手动超越型,LVFAB2AB3CG076836,data/qxb-photos/row-0340_铃木_铃木 北斗星 2012款 创业版 1.0L 手动超越型/16_8dd4f7e63c.jpg,album_ocr:very_high:gray:rot0,,
342,丰田 花冠 2007款 1.6L 手动G,LFMAP22C880083382,data/qxb-photos/row-0342_丰田_丰田 花冠 2007款 1.6L 手动G/16_2542b404e8.jpg,album_ocr:very_high:gray:rot0,,
343,丰田 雅力士 2011款 1.6E 自动魅动版,LVGCU9235CG091255,data/qxb-photos/row-0343_丰田_丰田 雅力士 2011款 1.6E 自动魅动版/16_29ecdf9c27.jpg,album_ocr:very_high:gray:rot0,,
344,现代 索纳塔 2011款 2.0L 自动顶级版,LBEYFAKC4BY063263,data/qxb-photos/row-0344_现代_现代 索纳塔 2011款 2.0L 自动顶级版/16_6291cca4a8.jpg,album_ocr:very_high:gray:rot0,,
345,起亚 福瑞迪 2011款 1.6L MT GL,LJDGAA226A0150615,data/qxb-photos/row-0345_起亚_起亚 福瑞迪 2011款 1.6L MT GL/16_5e029df642.jpg,album_ocr:very_high:gray:rot0,,
346,日产 骐达TIIDA 2008款 1.6L 自动智能型,LGBG22E058Y139804,data/qxb-photos/row-0346_日产_日产 骐达TIIDA 2008款 1.6L 自动智能型/16_194b38f4cb.jpg,album_ocr:very_high:gray:rot0,,
347,本田 思铂睿 2009款 2.4L 豪华版,LVHCU2626A5017260,data/qxb-photos/row-0347_本田_本田 思铂睿 2009款 2.4L 豪华版/16_61d20cdae1.jpg,album_ocr:very_high:gray:rot0,,
348,丰田 威驰 2008款 1.6L GL-i 特别纪念版 AT,LFMAP90A390038796,data/qxb-photos/row-0348_丰田_丰田 威驰 2008款 1.6L GL-i 特别纪念版 AT/16_674e4ae373.jpg,album_ocr:very_high:gray:rot0,,
349,丰田 花冠 2010款 1.6L 自动经典版,LFMAP22C7A0220348,data/qxb-photos/row-0349_丰田_丰田 花冠 2010款 1.6L 自动经典版/16_956286d12f.jpg,album_ocr:very_high:gray:rot0,,
351,丰田 凯美瑞 2007款 240G NAVI 豪华导航版,LVGBE42K87G083532,data/qxb-photos/row-0351_丰田_丰田 凯美瑞 2007款 240G NAVI 豪华导航版/16_4ee744869e.jpg,album_ocr:very_high:gray:rot0,,
352,起亚 起亚K2 2012款 三厢 1.6L AT Premium纪念版,LJDLAA224D0229090,data/qxb-photos/row-0352_起亚_起亚 起亚K2 2012款 三厢 1.6L AT Premium纪念版/16_803518836a.jpg,album_ocr:very_high:gray:rot0,,
353,本田 思域 2008款 1.8L 自动纪念豪华版,LVHFA164685020834,data/qxb-photos/row-0353_本田_本田 思域 2008款 1.8L 自动纪念豪华版/16_0e07408f57.jpg,album_ocr:very_high:gray:rot0,,
354,日产 天籁 2008款 公爵 2.5L XV尊雅版,LGBF1DE0X9R189667,data/qxb-photos/row-0354_日产_日产 天籁 2008款 公爵 2.5L XV尊雅版/16_b47578a812.jpg,album_ocr:very_high:gray:rot0,,
359,本田 雅阁 2008款 2.0L EX,LHGCP168098015887,data/qxb-photos/row-0359_本田_本田 雅阁 2008款 2.0L EX/16_87e5c63fdf.jpg,album_ocr:very_high:gray:rot0,,
360,铃木 天语 SX4 2008款 三厢 1.6L 手动豪华天窗版,AANWWSAYLSMYSAYAP,data/qxb-photos/row-0360_铃木_铃木 天语 SX4 2008款 三厢 1.6L 手动豪华天窗版/15_db9a7d3f77.jpg,album_ocr:compact:contrast:rot0,,
361,现代 北京现代ix35 2013款 2.0L 自动两驱智能型GLS 国IV,LBELMBKCXDY297870,data/qxb-photos/row-0361_现代_现代 北京现代ix35 2013款 2.0L 自动两驱智能型GLS 国IV/16_3ab53e3e47.jpg,album_ocr:very_high:gray:rot0,,
362,日产 逍客 2008款 20X雷 CVT 2WD,LGBL2AE039Y022829,data/qxb-photos/row-0362_日产_日产 逍客 2008款 20X雷 CVT 2WD/16_b62eeb3477.jpg,album_ocr:very_high:gray:rot0,,
366,本田 本田CR-V 2007款 2.4L 自动四驱豪华版,LVHRE487895021883,data/qxb-photos/row-0366_本田_本田 本田CR-V 2007款 2.4L 自动四驱豪华版/16_1ab1cd9559.jpg,album_ocr:very_high:gray:rot0,,
367,日产 天籁 2008款 2.5L XL领先版,LGBF1DE079R203735,data/qxb-photos/row-0367_日产_日产 天籁 2008款 2.5L XL领先版/16_ba9586a381.jpg,album_ocr:very_high:gray:rot0,,
368,奔驰 奔驰C级 2010款 C 180K 经典型,LE4GF4FB9AL114439,data/qxb-photos/row-0368_奔驰_奔驰 奔驰C级 2010款 C 180K 经典型/16_e2801754b9.jpg,album_ocr:very_high:gray:rot0,,
369,起亚 秀尔 2012款 1.6L AT Premium,LJDHAA125B0029775,data/qxb-photos/row-0369_起亚_起亚 秀尔 2012款 1.6L AT Premium/16_b6242303aa.jpg,album_ocr:very_high:gray:rot0,,
370,奔驰 奔驰E级 2006款 E 350 优雅型,LE4FTM8L57L005544,data/qxb-photos/row-0370_奔驰_奔驰 奔驰E级 2006款 E 350 优雅型/17_4169a8bc4d.jpg,album_ocr:very_high:gray:rot0,,
371,日产 轩逸 2009款 1.6XL 手动豪华天窗版,LGBH12E24BY085010,data/qxb-photos/row-0371_日产_日产 轩逸 2009款 1.6XL 手动豪华天窗版/16_f4a386166a.jpg,album_ocr:very_high:gray:rot0,,
372,本田 本田CR-V 2012款 2.0L 四驱经典版,LVHRM2839C5012640,data/qxb-photos/row-0372_本田_本田 本田CR-V 2012款 2.0L 四驱经典版/16_fef42d84ac.jpg,album_ocr:very_high:gray:rot0,,
373,日产 逍客 2011款 2.0XL 火 6MT 2WD,LGBL2AE24BS002664,data/qxb-photos/row-0373_日产_日产 逍客 2011款 2.0XL 火 6MT 2WD/16_772854e921.jpg,album_ocr:very_high:gray:rot0,,
374,起亚 霸锐 2008款 3.8L 豪华版 国IV,KNAKN8112B5059246,data/qxb-photos/row-0374_起亚_起亚 霸锐 2008款 3.8L 豪华版 国IV/16_b0bf1e8102.jpg,album_ocr:very_high:gray:rot0,,
376,丰田 卡罗拉 2007款 1.8L 手动GLX-i,WSA5ZRE152LGEFGKC,data/qxb-photos/row-0376_丰田_丰田 卡罗拉 2007款 1.8L 手动GLX-i/16_bff03b9068.jpg,album_ocr:high:contrast:rot0,,
377,起亚 霸锐 2008款 3.8L 豪华版 国IV,KNAKN8112C5090465,data/qxb-photos/row-0377_起亚_起亚 霸锐 2008款 3.8L 豪华版 国IV/16_4b6115635d.jpg,album_ocr:very_high:gray:rot0,,
378,日产 骐达TIIDA 2005款 1.6GE AT,LGBG22E035Y005000,data/qxb-photos/row-0378_日产_日产 骐达TIIDA 2005款 1.6GE AT/16_ed75c5bb8b.jpg,album_ocr:very_high:gray:rot0,,
379,本田 雅阁 2008款 2.4L EX,LHGCP267488021039,data/qxb-photos/row-0379_本田_本田 雅阁 2008款 2.4L EX/16_b4aa4da2ea.jpg,album_ocr:very_high:gray:rot0,,
381,三菱 ASX劲炫(进口) 2011款 2.0四驱劲酷版,JE3AP59U0BZ006070,data/qxb-photos/row-0381_三菱_三菱 ASX劲炫(进口) 2011款 2.0四驱劲酷版/17_2f05bc01d2.jpg,album_ocr:very_high:gray:rot0,,
382,丰田 威驰 2005款 1.5L GL-i AT,LTVBA423450102896,data/qxb-photos/row-0382_丰田_丰田 威驰 2005款 1.5L GL-i AT/16_d8165ad301.jpg,album_ocr:very_high:gray:rot0,,
383,丰田 雅力士 2008款 1.6RS 自动至尊锐动版,LVGCV90398G006294,data/qxb-photos/row-0383_丰田_丰田 雅力士 2008款 1.6RS 自动至尊锐动版/16_70c49cc7f8.jpg,album_ocr:very_high:gray:rot0,,
384,铃木 超级维特拉 2008款 2.4 AT JLX 5门版,JS3TD04V684100018,data/qxb-photos/row-0384_铃木_铃木 超级维特拉 2008款 2.4 AT JLX 5门版/16_85c4c62e77.jpg,album_ocr:high:contrast:rot0,,
385,起亚 索兰托 2009款 2.4L 豪华版,KNAKU8110C5205468,data/qxb-photos/row-0385_起亚_起亚 索兰托 2009款 2.4L 豪华版/16_ebb0b2e161.jpg,album_ocr:very_high:gray:rot0,,
386,日产 逍客 2008款 20XV龙 CVT 4WD,LGBL2AE049Y038697,data/qxb-photos/row-0386_日产_日产 逍客 2008款 20XV龙 CVT 4WD/16_e8df73c8e1.jpg,album_ocr:very_high:gray:rot0,,
387,本田 本田CR-V 2007款 2.4L 自动四驱豪华版,LVHRE487695049116,data/qxb-photos/row-0387_本田_本田 本田CR-V 2007款 2.4L 自动四驱豪华版/16_ad4ccd50ef.jpg,album_ocr:very_high:gray:rot0,,
388,本田 雅阁 2006款 2.0L 标准版,LHGCM462162011416,data/qxb-photos/row-0388_本田_本田 雅阁 2006款 2.0L 标准版/17_cc717eed23.jpg,album_ocr:very_high:gray:rot0,,
389,本田 雅阁 2010款 2.4L LX,LHGCP264X98005094,data/qxb-photos/row-0389_本田_本田 雅阁 2010款 2.4L LX/16_51a317ed14.jpg,album_ocr:very_high:gray:rot0,,
390,三菱 欧蓝德 2019款 2.4L 四驱致享版 7座 国V,BFM1TSUB1SHTKYAR7,data/qxb-photos/row-0390_三菱_三菱 欧蓝德 2019款 2.4L 四驱致享版 7座 国V/13_96414c697e.jpg,album_ocr:review:contrast:rot0,,
392,现代 北京现代ix35 2010款 2.0L 自动两驱精英版GLS,LBELMBKC2BY085106,data/qxb-photos/row-0392_现代_现代 北京现代ix35 2010款 2.0L 自动两驱精英版GLS/16_55bc9dd0c0.jpg,album_ocr:very_high:gray:rot0,,
394,本田 雅阁 2008款 2.4L EX,LHGCP267188028594,data/qxb-photos/row-0394_本田_本田 雅阁 2008款 2.4L EX/16_a73c9f3885.jpg,album_ocr:very_high:gray:rot0,,
395,奔驰 奔驰M级 2006款 ML 350 尊贵型,WDCBB86E35A047037,data/qxb-photos/row-0395_奔驰_奔驰 奔驰M级 2006款 ML 350 尊贵型/16_3f29e886a7.jpg,album_ocr:very_high:gray:rot0,,
398,现代 胜达经典 2012款 2.4 舒适版 七座四驱,KMHSH81B4BU778034,data/qxb-photos/row-0398_现代_现代 胜达经典 2012款 2.4 舒适版 七座四驱/16_2693f29544.jpg,album_ocr:very_high:gray:rot0,,
399,起亚 狮跑 2011款 2.0L 自动两驱版GL,LJDFAA144B0179983,data/qxb-photos/row-0399_起亚_起亚 狮跑 2011款 2.0L 自动两驱版GL/18_7374580cf7.jpg,album_ocr:very_high:gray:rot0,,
401,丰田 花冠 2010款 1.6L 自动经典版,LFMAP22C7A0220348,data/qxb-photos/row-0401_丰田_丰田 花冠 2010款 1.6L 自动经典版/16_9838a4597a.jpg,album_ocr:very_high:gray:rot0,,
402,现代 北京现代ix35 2013款 2.0L 自动两驱智能型GLS 国IV,LBELMBKCXDY297870,data/qxb-photos/row-0402_现代_现代 北京现代ix35 2013款 2.0L 自动两驱智能型GLS 国IV/16_d97f2c582f.jpg,album_ocr:very_high:gray:rot0,,
403,日产 逍客 2008款 20X雷 CVT 2WD,LGBL2AE039Y022829,data/qxb-photos/row-0403_日产_日产 逍客 2008款 20X雷 CVT 2WD/16_f03e148ab0.jpg,album_ocr:very_high:gray:rot0,,
404,现代 胜达经典 2011款 2.4L 舒适版 七座四驱,KMHSH81B8BU702039,data/qxb-photos/row-0404_现代_现代 胜达经典 2011款 2.4L 舒适版 七座四驱/19_bd38fbd7b3.jpg,album_ocr:very_high:gray:rot0,,
406,日产 奇骏 2010款 2.5L CVT旗舰版 4WD,LGBM2DE46AS006057,data/qxb-photos/row-0406_日产_日产 奇骏 2010款 2.5L CVT旗舰版 4WD/20_0695162966.jpg,album_ocr:very_high:gray:rot0,,
407,奔驰 奔驰C级 2008款 C 200K 标准型,LE4FTL8Y98L020572,data/qxb-photos/row-0407_奔驰_奔驰 奔驰C级 2008款 C 200K 标准型/16_ae236fed37.jpg,album_ocr:very_high:gray:rot0,,
408,日产 阳光 2011款 1.5XE 手动舒适版,LGBP12E26DY171448,data/qxb-photos/row-0408_日产_日产 阳光 2011款 1.5XE 手动舒适版/16_bb70bb2b37.jpg,album_ocr:very_high:gray:rot0,,
409,现代 胜达经典 2009款 2.7 豪华型,KMHSH81D99U469770,data/qxb-photos/row-0409_现代_现代 胜达经典 2009款 2.7 豪华型/16_326684309f.jpg,album_ocr:very_high:gray:rot0,,
110,本田 本田CR-V 2010款 2.4L 自动四驱尊贵版,LVHRE4803A5010362,data/qxb-photos/row-0110_本田_本田 本田CR-V 2010款 2.4L 自动四驱尊贵版/19_466567e336.jpg,ceo_confirmed:photo19,,
410,现代 胜达经典 2011款 2.4L 至尊版 七座四驱,KMHSH81B7AU660347,data/qxb-photos/row-0410_现代_现代 胜达经典 2011款 2.4L 至尊版 七座四驱/16_3c56dce500.jpg,album_ocr:very_high:gray:rot0,,
411,奔驰 奔驰B级 2009款 B 200 时尚型,WDDFH3DB7BJ681566,data/qxb-photos/row-0411_奔驰_奔驰 奔驰B级 2009款 B 200 时尚型/16_563bce88ca.jpg,album_ocr:very_high:gray:rot0,,
412,本田 思铂睿 2009款 2.4L 尊贵导航版,LVHCU2664A5001187,data/qxb-photos/row-0412_本田_本田 思铂睿 2009款 2.4L 尊贵导航版/10_544c4cee91.jpg,album_ocr:very_high:gray:rot0,,
413,奔驰 奔驰M级 2008款 ML 350 4MATIC豪华型,WDCBB86E69A528079,data/qxb-photos/row-0413_奔驰_奔驰 奔驰M级 2008款 ML 350 4MATIC豪华型/16_e2fc2b26e0.jpg,album_ocr:very_high:gray:rot0,,
414,起亚 狮跑 2011款 2.0L 自动两驱版GLS,LJDFAA143A0132796,data/qxb-photos/row-0414_起亚_起亚 狮跑 2011款 2.0L 自动两驱版GLS/17_f088460f13.jpg,album_ocr:very_high:gray:rot0,,
415,起亚 霸锐 2008款 3.8L 豪华版 国IV,KNAKN8116C5090310,data/qxb-photos/row-0415_起亚_起亚 霸锐 2008款 3.8L 豪华版 国IV/16_6bd3645b19.jpg,album_ocr:very_high:gray:rot0,,
416,起亚 福瑞迪 2011款 1.6L MT GLS,A226B0180148FRURW,data/qxb-photos/row-0416_起亚_起亚 福瑞迪 2011款 1.6L MT GLS/16_ea2d1071c0.jpg,album_ocr:compact:contrast:rot0,,
421,现代 朗动 2012款 1.6L 自动尊贵型,A6NKAP232VESSRPEA,data/qxb-photos/row-0421_现代_现代 朗动 2012款 1.6L 自动尊贵型/19_39e0395c59.jpg,album_ocr:compact:contrast:rot0,,
430,丰田 皇冠 2005款 3.0L Royal Saloon,ABYYSLSPP6MAY2SSS,data/qxb-photos/row-0430_丰田_丰田 皇冠 2005款 3.0L Royal Saloon/02_3087223cb3.jpg,album_ocr:compact:contrast:rot0,,
199,日产 天籁 2011款 2.0L XL荣耀版,ABKRJ32BRR2012030,data/qxb-photos/row-0199_日产_日产 天籁 2011款 2.0L XL荣耀版/16_7811db5556.jpg,album_ocr:compact:contrast:rot0,,
432,奔驰 奔驰CLS 2007款 CLS 350,AS1LPAS4A4AZ24VFP,data/qxb-photos/row-0432_奔驰_奔驰 奔驰CLS 2007款 CLS 350/18_f97f45fa1e.jpg,album_ocr:compact:contrast:rot0,,
434,本田 思域 2014款 1.8L 手动经典版,A4SSP3PE274BSSMAF,data/qxb-photos/row-0434_本田_本田 思域 2014款 1.8L 手动经典版/18_3005635df6.jpg,album_ocr:compact:contrast:rot0,,
260,现代 北京现代ix35 2013款 2.0L 手动两驱舒适型GL 国IV,JKKSR12AJYKZ17YES,data/qxb-photos/row-0260_现代_现代 北京现代ix35 2013款 2.0L 手动两驱舒适型GL 国IV/16_66a2f9f0ef.jpg,album_ocr:compact:contrast:rot0,,
438,奔驰 奔驰SLK级 2004款 SLK 350,A23VTSENN4KS2PLSE,data/qxb-photos/row-0438_奔驰_奔驰 奔驰SLK级 2004款 SLK 350/04_85db51f340.jpg,album_ocr:compact:contrast:rot0,,
443,本田 本田CR-V 2012款 2.0L 两驱都市版,LVHRM1815D5034161,data/qxb-photos/row-0443_本田_本田 本田CR-V 2012款 2.0L 两驱都市版/03_9bda01d054.jpg,album_ocr:very_high:gray:rot0,,
336,本田 本田CR-V 2007款 2.4L 自动四驱豪华版,A4SADE4SASS38SANY,data/qxb-photos/row-0336_本田_本田 本田CR-V 2007款 2.4L 自动四驱豪华版/16_7bea1cd128.jpg,album_ocr:compact:contrast:rot0,,
445,现代 胜达经典 2011款 2.4L 至尊版 七座四驱,A2LPUASP2PYVWESYL,data/qxb-photos/row-0445_现代_现代 胜达经典 2011款 2.4L 至尊版 七座四驱/16_b73a8fcb30.jpg,album_ocr:compact:contrast:rot0,,
446,现代 北京现代ix35 2010款 2.0L 自动两驱精英版GLS,AALS3TF2PF74SBP7S,data/qxb-photos/row-0446_现代_现代 北京现代ix35 2010款 2.0L 自动两驱精英版GLS/17_33c41384db.jpg,album_ocr:compact:contrast:rot0,,
447,丰田 汉兰达 2012款 2.7L 两驱7座至尊版,LVGDC46A7DG500621,data/qxb-photos/row-0447_丰田_丰田 汉兰达 2012款 2.7L 两驱7座至尊版/19_27abdcfedb.jpg,album_ocr:compact:gray:rot0,,
448,丰田 丰田RAV4(进口) 2004款 2.0 三门,EA1D4LA11U140F02A,data/qxb-photos/row-0448_丰田_丰田 丰田RAV4(进口) 2004款 2.0 三门/19_f8b284c43b.jpg,album_ocr:very_high:gray:rot0,,
454,奔驰 奔驰C级 2011款 C 180K 经典型,A1BBERSUASBAFA2AS,data/qxb-photos/row-0454_奔驰_奔驰 奔驰C级 2011款 C 180K 经典型/16_a42d8a36be.jpg,album_ocr:compact:contrast:rot0,,
455,丰田 普锐斯 2006款 1.5L 真皮导航版,A20160750WTM500VP,data/qxb-photos/row-0455_丰田_丰田 普锐斯 2006款 1.5L 真皮导航版/20_0eb29174be.jpg,album_ocr:compact:contrast:rot0,,
464,丰田 卡罗拉 2008款 1.8L 手动GL-i天窗特别版,A0246375ES2ZR1798,data/qxb-photos/row-0464_丰田_丰田 卡罗拉 2008款 1.8L 手动GL-i天窗特别版/20_1c4482d7f1.jpg,album_ocr:compact:contrast:rot0,,
506,日产 天籁 2008款 2.0L XE标准版,AWCSSHWSTFAALASEA,data/qxb-photos/row-0506_日产_日产 天籁 2008款 2.0L XE标准版/03_f02eb187fe.jpg,album_ocr:compact:contrast:rot0,,
508,本田 本田CR-V 2007款 2.4L 自动四驱尊贵版,CCTTT2ANM1JA34BFL,data/qxb-photos/row-0508_本田_本田 本田CR-V 2007款 2.4L 自动四驱尊贵版/03_28b440be40.jpg,album_ocr:compact:contrast:rot0,,
510,丰田 花冠 2010款 1.6L 手动特惠版,AFLNZZVUCGYSASSLA,data/qxb-photos/row-0510_丰田_丰田 花冠 2010款 1.6L 手动特惠版/03_dfe1e9f5d5.jpg,album_ocr:compact:contrast:rot0,,
512,本田 奥德赛 2009款 2.4L 豪华版,LHGRB3860B8021582,data/qxb-photos/row-0512_本田_本田 奥德赛 2009款 2.4L 豪华版/16_50e78fd92f.jpg,album_ocr:very_high:gray:rot0,,
513,丰田 凯美瑞 2016款 2.0E 十周年纪念精英版,J2NYVPPLSGMSSN4HA,data/qxb-photos/row-0513_丰田_丰田 凯美瑞 2016款 2.0E 十周年纪念精英版/03_ff081dc80a.jpg,album_ocr:compact:contrast:rot270,,
514,本田 本田CR-V 2007款 2.4L 自动四驱豪华版,FWRSAHWM22ESBFDKS,data/qxb-photos/row-0514_本田_本田 本田CR-V 2007款 2.4L 自动四驱豪华版/03_8d4784d083.jpg,album_ocr:compact:invert:rot0,,
515,丰田 凯美瑞 2016款 2.0E 十周年纪念精英版,ANADZS1ARLLFLSFSA,data/qxb-photos/row-0515_丰田_丰田 凯美瑞 2016款 2.0E 十周年纪念精英版/03_b70aee34bc.jpg,album_ocr:compact:contrast:rot0,,
516,丰田 凯美瑞 2007款 240G 豪华版,LVGBE42K07G056759,data/qxb-photos/row-0516_丰田_丰田 凯美瑞 2007款 240G 豪华版/17_32a12ac57d.jpg,album_ocr:very_high:gray:rot0,,
517,丰田 凯美瑞 2009款 200E 精英版,LVGBH42K2AG362490,data/qxb-photos/row-0517_丰田_丰田 凯美瑞 2009款 200E 精英版/16_0fade8c0fc.jpg,album_ocr:very_high:gray:rot0,,
518,丰田 凯美瑞 2006款 240G,LVGBE42K46G022967,data/qxb-photos/row-0518_丰田_丰田 凯美瑞 2006款 240G/16_e6dbc123a3.jpg,album_ocr:very_high:gray:rot0,,
519,丰田 花冠 2010款 1.6L 手动特惠版,LFMAP22C5B0335094,data/qxb-photos/row-0519_丰田_丰田 花冠 2010款 1.6L 手动特惠版/17_6b112a1034.jpg,album_ocr:very_high:gray:rot0,,
507,本田 本田CR-V 2010款 2.0L 自动两驱都市版,LVHRE1830A5021988,data/qxb-photos/row-0507_本田_本田 本田CR-V 2010款 2.0L 自动两驱都市版/10_a5589bd81a.jpg,album_ocr:very_high:gray:rot0,,
520,丰田 凯美瑞 2007款 240V 至尊版,LVGBE40K48G271422,data/qxb-photos/row-0520_丰田_丰田 凯美瑞 2007款 240V 至尊版/16_632e3eb4ff.jpg,album_ocr:very_high:gray:rot0,,
521,丰田 凯美瑞 2007款 240G 豪华版,LVGBE42K86G029744,data/qxb-photos/row-0521_丰田_丰田 凯美瑞 2007款 240G 豪华版/16_402aa62749.jpg,album_ocr:very_high:gray:rot0,,
522,丰田 花冠 2004款 1.8L 自动GLX-i,LTVBR22E650654706,data/qxb-photos/row-0522_丰田_丰田 花冠 2004款 1.8L 自动GLX-i/16_bada25712b.jpg,album_ocr:very_high:gray:rot0,,
524,本田 本田CR-V 2010款 2.0L 自动两驱都市版,LVHRE1838B5059275,data/qxb-photos/row-0524_本田_本田 本田CR-V 2010款 2.0L 自动两驱都市版/16_a29fc4c817.jpg,album_ocr:very_high:gray:rot0,,
526,本田 奥德赛 2009款 2.4L 领秀版,LHGRB3803A8026429,data/qxb-photos/row-0526_本田_本田 奥德赛 2009款 2.4L 领秀版/16_af29c577db.jpg,album_ocr:very_high:gray:rot0,,
529,起亚 智跑 2012款 2.0L 自动两驱版NAVI,LJDJAA145C0104897,data/qxb-photos/row-0529_起亚_起亚 智跑 2012款 2.0L 自动两驱版NAVI/16_d62cbc7872.jpg,album_ocr:very_high:gray:rot0,,
530,现代 朗动 2013款 1.6L 自动尊贵型,LBEMDAFC2EZ409260,data/qxb-photos/row-0530_现代_现代 朗动 2013款 1.6L 自动尊贵型/08_baccc39d3d.jpg,album_ocr:very_high:gray:rot0,,
531,现代 朗动 2012款 1.6L 自动尊贵型,ALSSGSYRS1LNSCSVN,data/qxb-photos/row-0531_现代_现代 朗动 2012款 1.6L 自动尊贵型/03_ec6be05e9b.jpg,album_ocr:compact:contrast:rot0,,
536,丰田 凯美瑞 2016款 2.0E 十周年纪念精英版,A59CJ4DHHBY2AZNS0,data/qxb-photos/row-0536_丰田_丰田 凯美瑞 2016款 2.0E 十周年纪念精英版/03_c3f229c348.jpg,album_ocr:compact:invert:rot90,,
542,本田 雅阁 2016款 2.0L 舒适版,BFPZ2NEC3VZES2YU4,data/qxb-photos/row-0542_本田_本田 雅阁 2016款 2.0L 舒适版/03_c74128ecdc.jpg,album_ocr:compact:contrast:rot0,,
527,日产 轩逸 2016款 1.6XL CVT豪华版,A1SPECGSRUJXXESSE,data/qxb-photos/row-0527_日产_日产 轩逸 2016款 1.6XL CVT豪华版/05_1be29be0f3.jpg,album_ocr:compact:contrast:rot0,,
528,现代 悦动 2011款 1.6L 自动舒适型,A4ASSSSJBYS24STZW,data/qxb-photos/row-0528_现代_现代 悦动 2011款 1.6L 自动舒适型/03_356385fc5b.jpg,album_ocr:compact:contrast:rot0,,
2,赛拉图,JHMCM56557C404453,data/qxb-photos/row-0002_起亚_起亚 赛拉图 2008款 欧风 1.6 MT GL/17_3719783cfc.jpg,ceo_review_ui,R18A1,AUTO
